0,0.0,0,0,False,1,Forwards
1,0.0,0.18403118991668446,0,False,1,Forwards
2,0.0,0.23815424054689166,0,False,1,Forwards
3,0.0,0.26341593676564834,0,False,1,Forwards
4,0.0,0.2670262764366588,0,False,1,Forwards
5,0.0,0.2670262764366588,0,False,1,Forwards
6,0.20618305001983703,0.2670262764366588,0,False,1,Forwards
7,0.14432203131199073,0.2742362743003632,0,False,1,Forwards
8,0.0,0.2778466139713736,0,False,1,Forwards
9,0.0,0.2922772911770989,0,False,1,Forwards
10,0.0,0.3500106814783166,0,False,1,Forwards
11,0.0,0.3500106814783166,0,False,1,Forwards
12,0.0,0.3500106814783166,0,False,1,Forwards
13,0.0,0.3500106814783166,0,False,1,Forwards
14,0.0,0.3500106814783166,0,False,1,Forwards
15,0.0,0.3500106814783166,0,False,1,Forwards
16,0.0,0.3500106814783166,0,False,1,Forwards
17,0.0,0.3500106814783166,0,False,1,Forwards
18,0.0,0.3500106814783166,0,False,1,Forwards
19,0.0,0.3500106814783166,0,False,1,Forwards
20,0.0,0.3500106814783166,0,False,1,Forwards
21,0.0,0.3500106814783166,0,False,1,Forwards
22,0.0,0.3500106814783166,0,False,1,Forwards
23,0.0,0.3500106814783166,0,False,1,Forwards
24,0.0,0.34280068361461224,0,False,1,Forwards
25,-0.22681356242561113,0.33196966460158084,0,False,1,Forwards
26,-0.5773491622669149,0.2850672933133946,0,False,1,Forwards
27,-0.9588000122074037,0.2814569536423841,0,False,1,Forwards
28,-1.000030518509476,0.2778466139713736,0,False,1,Forwards
29,-1.000030518509476,0.2778466139713736,0,False,1,Forwards
30,-1.000030518509476,0.2742362743003632,0,False,1,Forwards
31,-1.000030518509476,0.2742362743003632,0,False,1,Forwards
32,-1.000030518509476,0.2742362743003632,0,False,1,Forwards
33,-0.9175695059053316,0.2742362743003632,0,False,1,Forwards
34,0.0,0.2742362743003632,0,False,1,Forwards
35,-0.16498306222724082,0.2742362743003632,0,False,1,Forwards
36,-0.15466780602435376,0.2742362743003632,0,False,1,Forwards
37,-0.16498306222724082,0.2742362743003632,0,False,1,Forwards
38,-0.18558305612353893,0.2742362743003632,0,False,1,Forwards
39,-0.2577593310342723,0.2742362743003632,0,False,1,Forwards
40,-0.2783593249305704,0.2742362743003632,0,False,1,Forwards
41,-0.07217627491073336,0.2742362743003632,0,False,1,Forwards
42,0.0,0.2742362743003632,0,False,1,Forwards
43,0.0,0.2742362743003632,0,False,1,Forwards
44,-0.22681356242561113,0.2742362743003632,0,False,1,Forwards
45,-0.195898312326426,0.2742362743003632,0,False,1,Forwards
46,-0.14435254982146672,0.2742362743003632,0,False,1,Forwards
47,0.0,0.2742362743003632,0,False,1,Forwards
48,0.0,0.2742362743003632,0,False,1,Forwards
49,0.2164983062227241,0.2958876308481093,0,False,1,Forwards
50,0.22678304391613513,0.2958876308481093,0,False,1,Forwards
51,0.0,0.2958876308481093,0,False,1,Forwards
52,0.0,0.34280068361461224,0,False,1,Forwards
53,0.0,0.3500106814783166,0,False,1,Forwards
54,0.0,0.3500106814783166,0,False,1,Forwards
55,0.0,0.3500106814783166,0,False,1,Forwards
56,0.0,0.3500106814783166,0,False,1,Forwards
57,0.0,0.3500106814783166,0,False,1,Forwards
58,0.0,0.3500106814783166,0,False,1,Forwards
59,0.0,0.3500106814783166,0,False,1,Forwards
60,0.0,0.3500106814783166,0,False,1,Forwards
61,0.0,0.3500106814783166,0,False,1,Forwards
62,0.0,0.3500106814783166,0,False,1,Forwards
63,0.0,0.3500106814783166,0,False,1,Forwards
64,0.0,0.3500106814783166,0,False,1,Forwards
65,0.0,0.3500106814783166,0,False,1,Forwards
66,0.0,0.3500106814783166,0,False,1,Forwards
67,-0.20621356852931302,0.3500106814783166,0,False,1,Forwards
68,0.0,0.3500106814783166,0,False,1,Forwards
69,0.0,0.3500106814783166,0,False,1,Forwards
70,0.0,0.3500106814783166,0,False,1,Forwards
71,0.0,0.3500106814783166,0,False,1,Forwards
72,0.0,0.3500106814783166,0,False,1,Forwards
73,-0.030945768608661155,0.3500106814783166,0,False,1,Forwards
74,-0.07217627491073336,0.3500106814783166,0,False,1,Forwards
75,-0.07217627491073336,0.3500106814783166,0,False,1,Forwards
76,-0.18558305612353893,0.3500106814783166,0,False,1,Forwards
77,-0.09280678731650746,0.3500106814783166,0,False,1,Forwards
78,-0.07217627491073336,0.3500106814783166,0,False,1,Forwards
79,-0.08249153111362041,0.3500106814783166,0,False,1,Forwards
80,-0.20621356852931302,0.3500106814783166,0,False,1,Forwards
81,-0.22681356242561113,0.3500106814783166,0,False,1,Forwards
82,-0.2371288186284982,0.3500106814783166,0,False,1,Forwards
83,-0.22681356242561113,0.3500106814783166,0,False,1,Forwards
84,-0.2371288186284982,0.3500106814783166,0,False,1,Forwards
85,-0.2371288186284982,0.3500106814783166,0,False,1,Forwards
86,-0.402081362346263,0.3500106814783166,0,False,1,Forwards
87,-0.402081362346263,0.3500106814783166,0,False,1,Forwards
88,-0.402081362346263,0.3500106814783166,0,False,1,Forwards
89,-0.3814813684499649,0.3500106814783166,0,False,1,Forwards
90,0.0,0.3500106814783166,0,False,1,Forwards
91,0.0,0.3500106814783166,0,False,1,Forwards
92,0.0,0.3500106814783166,0,False,1,Forwards
93,-0.07217627491073336,0.3500106814783166,0,False,1,Forwards
94,-0.07217627491073336,0.3500106814783166,0,False,1,Forwards
95,-0.22681356242561113,0.3500106814783166,0,False,1,Forwards
96,-0.22681356242561113,0.3500106814783166,0,False,1,Forwards
97,-0.2680745872371593,0.3500106814783166,0,False,1,Forwards
98,-0.2989898373363445,0.3500106814783166,0,False,1,Forwards
99,-0.2989898373363445,0.3500106814783166,0,False,1,Forwards
100,-0.28867458113345745,0.3500106814783166,0,False,1,Forwards
101,-0.28867458113345745,0.3500106814783166,0,False,1,Forwards
102,-0.2989898373363445,0.3500106814783166,0,False,1,Forwards
103,-0.041261024811548204,0.3500106814783166,0,False,1,Forwards
104,-0.041261024811548204,0.3500106814783166,0,False,1,Forwards
105,-0.05157628101443525,0.3500106814783166,0,False,1,Forwards
106,-0.17526779992065186,0.3500106814783166,0,False,1,Forwards
107,-0.195898312326426,0.3500106814783166,0,False,1,Forwards
108,0.0,0.3500106814783166,0,False,1,Forwards
109,0.0,0.3500106814783166,0,False,1,Forwards
110,0.0,0.3500106814783166,0,False,1,Forwards
111,0.0,0.3500106814783166,0,False,1,Forwards
112,-0.14435254982146672,0.3500106814783166,0,False,1,Forwards
113,-0.17526779992065186,0.3500106814783166,0,False,1,Forwards
114,-0.2165288247322001,0.3500106814783166,0,False,1,Forwards
115,-0.2165288247322001,0.3500106814783166,0,False,1,Forwards
116,-0.20621356852931302,0.3500106814783166,0,False,1,Forwards
117,-0.195898312326426,0.3500106814783166,0,False,1,Forwards
118,-0.16498306222724082,0.3500106814783166,0,False,1,Forwards
119,-0.15466780602435376,0.3500106814783166,0,False,1,Forwards
120,-0.16498306222724082,0.3500106814783166,0,False,1,Forwards
121,-0.17526779992065186,0.3500106814783166,0,False,1,Forwards
122,-0.15466780602435376,0.3500106814783166,0,False,1,Forwards
123,-0.16498306222724082,0.3500106814783166,0,False,1,Forwards
124,-0.24744407483138522,0.3500106814783166,0,False,1,Forwards
125,-0.2577593310342723,0.3500106814783166,0,False,1,Forwards
126,-0.4227118747520371,0.3500106814783166,0,False,1,Forwards
127,-0.4433423871578112,0.3500106814783166,0,False,1,Forwards
128,-0.4433423871578112,0.3500106814783166,0,False,1,Forwards
129,-0.4433423871578112,0.3500106814783166,0,False,1,Forwards
130,-0.4227118747520371,0.3500106814783166,0,False,1,Forwards
131,-0.41239661854915005,0.3500106814783166,0,False,1,Forwards
132,-0.32993560594500565,0.3500106814783166,0,False,1,Forwards
133,-0.3196203497421186,0.3500106814783166,0,False,1,Forwards
134,0.0,0.3500106814783166,0,False,1,Forwards
135,0.0,0.3500106814783166,0,False,1,Forwards
136,-0.17526779992065186,0.3500106814783166,0,False,1,Forwards
137,-0.18558305612353893,0.3500106814783166,0,False,1,Forwards
138,-0.16498306222724082,0.3500106814783166,0,False,1,Forwards
139,-0.15466780602435376,0.3500106814783166,0,False,1,Forwards
140,-0.10312204351939451,0.3500106814783166,0,False,1,Forwards
141,0.0,0.3500106814783166,0,False,1,Forwards
142,0.0,0.3500106814783166,0,False,1,Forwards
143,0.0,0.3500106814783166,0,False,1,Forwards
144,0.06183050019837031,0.3500106814783166,0,False,1,Forwards
145,0.07214575640125737,0.3500106814783166,0,False,1,Forwards
146,0.05154576250495926,0.3500106814783166,0,False,1,Forwards
147,0.0,0.3500106814783166,0,False,1,Forwards
148,0.0,0.3500106814783166,0,False,1,Forwards
149,0.0,0.3500106814783166,0,False,1,Forwards
150,0.0,0.3500106814783166,0,False,1,Forwards
151,0.0,0.3500106814783166,0,False,1,Forwards
152,0.0,0.3500106814783166,0,False,1,Forwards
153,0.0,0.3500106814783166,0,False,1,Forwards
154,-0.2371288186284982,0.3500106814783166,0,False,1,Forwards
155,-0.24744407483138522,0.3500106814783166,0,False,1,Forwards
156,-0.2371288186284982,0.3500106814783166,0,False,1,Forwards
157,0.0,0.3500106814783166,0,False,1,Forwards
158,0.0,0.3500106814783166,0,False,1,Forwards
159,0.0,0.3500106814783166,0,False,1,Forwards
160,0.0,0.3500106814783166,0,False,1,Forwards
161,0.10309152500991851,0.3500106814783166,0,False,1,Forwards
162,0.28864406262398146,0.3500106814783166,0,False,1,Forwards
163,0.4742271187475204,0.3500106814783166,0,False,1,Forwards
164,0.597949156163213,0.3500106814783166,0,False,1,Forwards
165,0.6494949186681722,0.3500106814783166,0,False,1,Forwards
166,0.0,0.3500106814783166,0,False,1,Forwards
167,0.0,0.3500106814783166,0,False,1,Forwards
168,0.0,0.3500106814783166,0,False,1,Forwards
169,-0.2371288186284982,0.3500106814783166,0,False,1,Forwards
170,-0.5051728873561815,0.3500106814783166,0,False,1,Forwards
171,-0.6907559434797205,0.3500106814783166,0,False,1,Forwards
172,-0.6701254310739464,0.3500106814783166,0,False,1,Forwards
173,0.0,0.3500106814783166,0,False,1,Forwards
174,-0.041261024811548204,0.3500106814783166,0,False,1,Forwards
175,-0.391766106143376,0.3500106814783166,0,False,1,Forwards
176,-0.49488814966277045,0.3500106814783166,0,False,1,Forwards
177,-0.5051728873561815,0.3500106814783166,0,False,1,Forwards
178,-0.49488814966277045,0.3500106814783166,0,False,1,Forwards
179,-0.5051728873561815,0.3500106814783166,0,False,1,Forwards
180,-0.3196203497421186,0.3500106814783166,0,False,1,Forwards
181,-0.18558305612353893,0.3500106814783166,0,False,1,Forwards
182,-0.17526779992065186,0.3500106814783166,0,False,1,Forwards
183,-0.18558305612353893,0.3500106814783166,0,False,1,Forwards
184,-0.18558305612353893,0.3500106814783166,0,False,1,Forwards
185,-0.2371288186284982,0.3500106814783166,0,False,1,Forwards
186,-0.3093050935392315,0.3500106814783166,0,False,1,Forwards
187,-0.2989898373363445,0.3500106814783166,0,False,1,Forwards
188,-0.2989898373363445,0.3500106814783166,0,False,1,Forwards
189,-0.3093050935392315,0.3500106814783166,0,False,1,Forwards
190,-0.2989898373363445,0.3500106814783166,0,False,1,Forwards
191,-0.28867458113345745,0.3500106814783166,0,False,1,Forwards
192,-0.2680745872371593,0.3500106814783166,0,False,1,Forwards
193,-0.2680745872371593,0.3500106814783166,0,False,1,Forwards
194,-0.2680745872371593,0.3500106814783166,0,False,1,Forwards
195,-0.2577593310342723,0.3500106814783166,0,False,1,Forwards
196,0.0,0.3500106814783166,0,False,1,Forwards
197,0.0,0.3500106814783166,0,False,1,Forwards
198,0.0,0.3500106814783166,0,False,1,Forwards
199,0.0,0.3500106814783166,0,False,1,Forwards
200,0.0,0,0.15463728751487776,False,1,Forwards
201,0.0,0.07938474684896389,0,False,1,Forwards
202,0.0,0.26341593676564834,0,False,1,Forwards
203,0.0,0.26341593676564834,0,False,1,Forwards
204,0.0,0.2670262764366588,0,False,1,Forwards
205,0.0,0.3103289895321512,0,False,1,Forwards
206,0.0,0.31392864772484513,0,False,1,Forwards
207,0.0,0.31392864772484513,0,False,1,Forwards
208,0.0,0.31753898739585557,0,False,1,Forwards
209,0.0,0.31392864772484513,0,False,1,Forwards
210,0.0,0.31753898739585557,0,False,1,Forwards
211,0.0,0.31753898739585557,0,False,1,Forwards
212,0.0,0.31753898739585557,0,False,1,Forwards
213,0.0,0.31753898739585557,0,False,1,Forwards
214,0.0,0.31753898739585557,0,False,1,Forwards
215,0.10309152500991851,0.31753898739585557,0,False,1,Forwards
216,0.22678304391613513,0.31392864772484513,0,False,1,Forwards
217,0.0,0.31392864772484513,0,False,1,Forwards
218,0.0,0.31753898739585557,0,False,1,Forwards
219,0.0,0.31753898739585557,0,False,1,Forwards
220,0.0,0.31753898739585557,0,False,1,Forwards
221,0.0,0.31392864772484513,0,False,1,Forwards
222,0.0,0.31753898739585557,0,False,1,Forwards
223,-0.07217627491073336,0.33919034394360176,0,False,1,Forwards
224,-0.08249153111362041,0.33919034394360176,0,False,1,Forwards
225,-0.4742576372569964,0.33919034394360176,0,False,1,Forwards
226,-0.4742576372569964,0.33919034394360176,0,False,1,Forwards
227,-0.5361186559648426,0.33919034394360176,0,False,1,Forwards
228,-0.5567186498611408,0.33919034394360176,0,False,1,Forwards
229,-0.5464339121677297,0.33919034394360176,0,False,1,Forwards
230,-0.618579668568987,0.33919034394360176,0,False,1,Forwards
231,-1.000030518509476,0.33919034394360176,0,False,1,Forwards
232,-1.000030518509476,0.33919034394360176,0,False,1,Forwards
233,-1.000030518509476,0.33919034394360176,0,False,1,Forwards
234,-1.000030518509476,0.33558000427259127,0,False,1,Forwards
235,0.0,0.33919034394360176,0,False,1,Forwards
236,0.0,0.33919034394360176,0,False,1,Forwards
237,0.0,0.33919034394360176,0,False,1,Forwards
238,0.0,0.33919034394360176,0,False,1,Forwards
239,0.0,0.34280068361461224,0,False,1,Forwards
240,0.0,0.34280068361461224,0,False,1,Forwards
241,0.0,0.34280068361461224,0,False,1,Forwards
242,0.0,0.34280068361461224,0,False,1,Forwards
243,0.0,0.34280068361461224,0,False,1,Forwards
244,0.0,0.34280068361461224,0,False,1,Forwards
245,0.0,0.34280068361461224,0,False,1,Forwards
246,0.0,0.34280068361461224,0,False,1,Forwards
247,0.0,0.3500106814783166,0,False,1,Forwards
248,0.0,0.3500106814783166,0,False,1,Forwards
249,0.0,0.3500106814783166,0,False,1,Forwards
250,0.0,0.3500106814783166,0,False,1,Forwards
251,0.0,0.3500106814783166,0,False,1,Forwards
252,0.0,0.3500106814783166,0,False,1,Forwards
253,0.0,0.3500106814783166,0,False,1,Forwards
254,0.0,0.3500106814783166,0,False,1,Forwards
255,0.0,0.3500106814783166,0,False,1,Forwards
256,0.0,0.3500106814783166,0,False,1,Forwards
257,0.0,0.3500106814783166,0,False,1,Forwards
258,0.0,0.3500106814783166,0,False,1,Forwards
259,0.0,0.3500106814783166,0,False,1,Forwards
260,0.0,0.3500106814783166,0,False,1,Forwards
261,0.0,0.3500106814783166,0,False,1,Forwards
262,0.0,0.3500106814783166,0,False,1,Forwards
263,0.0,0.3500106814783166,0,False,1,Forwards
264,0.0,0.3500106814783166,0,False,1,Forwards
265,0.0,0.3500106814783166,0,False,1,Forwards
266,0.0,0.3500106814783166,0,False,1,Forwards
267,0.0,0.3500106814783166,0,False,1,Forwards
268,0.0,0.3500106814783166,0,False,1,Forwards
269,-0.020630512405774102,0.3500106814783166,0,False,1,Forwards
270,-0.08249153111362041,0.3500106814783166,0,False,1,Forwards
271,-0.11340678121280556,0.3500106814783166,0,False,1,Forwards
272,-0.14435254982146672,0.3500106814783166,0,False,1,Forwards
273,-0.13403729361857966,0.3500106814783166,0,False,1,Forwards
274,-0.13403729361857966,0.3500106814783166,0,False,1,Forwards
275,-0.15466780602435376,0.3500106814783166,0,False,1,Forwards
276,-0.13403729361857966,0.3500106814783166,0,False,1,Forwards
277,-0.14435254982146672,0.3500106814783166,0,False,1,Forwards
278,-0.14435254982146672,0.3500106814783166,0,False,1,Forwards
279,-0.195898312326426,0.3500106814783166,0,False,1,Forwards
280,-0.24744407483138522,0.3500106814783166,0,False,1,Forwards
281,-0.2577593310342723,0.3500106814783166,0,False,1,Forwards
282,-0.24744407483138522,0.3500106814783166,0,False,1,Forwards
283,-0.2577593310342723,0.3500106814783166,0,False,1,Forwards
284,-0.2577593310342723,0.3500106814783166,0,False,1,Forwards
285,-0.2577593310342723,0.3500106814783166,0,False,1,Forwards
286,-0.2577593310342723,0.3500106814783166,0,False,1,Forwards
287,-0.3814813684499649,0.3500106814783166,0,False,1,Forwards
288,-0.391766106143376,0.3500106814783166,0,False,1,Forwards
289,-0.20621356852931302,0.3500106814783166,0,False,1,Forwards
290,-0.195898312326426,0.3500106814783166,0,False,1,Forwards
291,-0.195898312326426,0.3500106814783166,0,False,1,Forwards
292,-0.195898312326426,0.3500106814783166,0,False,1,Forwards
293,-0.195898312326426,0.3500106814783166,0,False,1,Forwards
294,-0.195898312326426,0.3500106814783166,0,False,1,Forwards
295,-0.195898312326426,0.3500106814783166,0,False,1,Forwards
296,-0.195898312326426,0.3500106814783166,0,False,1,Forwards
297,-0.195898312326426,0.3500106814783166,0,False,1,Forwards
298,-0.041261024811548204,0.3500106814783166,0,False,1,Forwards
299,0.0,0.3500106814783166,0,False,1,Forwards
300,0.0,0.3500106814783166,0,False,1,Forwards
301,0.0,0.3500106814783166,0,False,1,Forwards
302,0.0,0.3500106814783166,0,False,1,Forwards
303,0.0,0.3500106814783166,0,False,1,Forwards
304,0.0,0.3500106814783166,0,False,1,Forwards
305,0.0,0.3500106814783166,0,False,1,Forwards
306,-0.010315256202887051,0.3500106814783166,0,False,1,Forwards
307,-0.07217627491073336,0.3500106814783166,0,False,1,Forwards
308,-0.08249153111362041,0.3500106814783166,0,False,1,Forwards
309,-0.09280678731650746,0.3500106814783166,0,False,1,Forwards
310,-0.10312204351939451,0.3500106814783166,0,False,1,Forwards
311,-0.11340678121280556,0.3500106814783166,0,False,1,Forwards
312,-0.22681356242561113,0.3500106814783166,0,False,1,Forwards
313,-0.2577593310342723,0.3500106814783166,0,False,1,Forwards
314,-0.24744407483138522,0.3500106814783166,0,False,1,Forwards
315,-0.17526779992065186,0.3500106814783166,0,False,1,Forwards
316,-0.16498306222724082,0.3500106814783166,0,False,1,Forwards
317,-0.16498306222724082,0.3500106814783166,0,False,1,Forwards
318,-0.17526779992065186,0.3500106814783166,0,False,1,Forwards
319,-0.16498306222724082,0.3500106814783166,0,False,1,Forwards
320,-0.15466780602435376,0.3500106814783166,0,False,1,Forwards
321,-0.15466780602435376,0.3500106814783166,0,False,1,Forwards
322,-0.2371288186284982,0.3500106814783166,0,False,1,Forwards
323,-0.2371288186284982,0.3500106814783166,0,False,1,Forwards
324,-0.22681356242561113,0.3500106814783166,0,False,1,Forwards
325,-0.45362712485122225,0.3500106814783166,0,False,1,Forwards
326,-0.45362712485122225,0.3500106814783166,0,False,1,Forwards
327,-0.45362712485122225,0.3500106814783166,0,False,1,Forwards
328,-0.46394238105410934,0.3500106814783166,0,False,1,Forwards
329,-0.46394238105410934,0.3500106814783166,0,False,1,Forwards
330,-0.32993560594500565,0.3500106814783166,0,False,1,Forwards
331,-0.28867458113345745,0.3500106814783166,0,False,1,Forwards
332,-0.2371288186284982,0.3500106814783166,0,False,1,Forwards
333,-0.030945768608661155,0.3500106814783166,0,False,1,Forwards
334,-0.030945768608661155,0.3500106814783166,0,False,1,Forwards
335,-0.061861018707846306,0.3500106814783166,0,False,1,Forwards
336,-0.18558305612353893,0.3500106814783166,0,False,1,Forwards
337,-0.20621356852931302,0.3500106814783166,0,False,1,Forwards
338,-0.2165288247322001,0.3500106814783166,0,False,1,Forwards
339,0.0,0.3500106814783166,0,False,1,Forwards
340,0.0,0.3500106814783166,0,False,1,Forwards
341,0.0,0.3500106814783166,0,False,1,Forwards
342,0.0,0.3500106814783166,0,False,1,Forwards
343,0.0,0.3500106814783166,0,False,1,Forwards
344,0.0,0.3500106814783166,0,False,1,Forwards
345,0.0,0.3500106814783166,0,False,1,Forwards
346,0.0,0.3500106814783166,0,False,1,Forwards
347,0.0,0.3500106814783166,0,False,1,Forwards
348,0.0,0.3500106814783166,0,False,1,Forwards
349,-0.020630512405774102,0.3500106814783166,0,False,1,Forwards
350,-0.09280678731650746,0.3500106814783166,0,False,1,Forwards
351,-0.07217627491073336,0.3500106814783166,0,False,1,Forwards
352,-0.09280678731650746,0.3500106814783166,0,False,1,Forwards
353,-0.08249153111362041,0.3500106814783166,0,False,1,Forwards
354,-0.09280678731650746,0.3500106814783166,0,False,1,Forwards
355,0.0,0.3500106814783166,0,False,1,Forwards
356,0.0,0.3500106814783166,0,False,1,Forwards
357,0.0,0.3500106814783166,0,False,1,Forwards
358,0.0,0.3500106814783166,0,False,1,Forwards
359,0.0,0.3500106814783166,0,False,1,Forwards
360,0.0,0.3500106814783166,0,False,1,Forwards
361,0.0,0.3500106814783166,0,False,1,Forwards
362,0.11337626270332957,0.3500106814783166,0,False,1,Forwards
363,0.4742271187475204,0.3500106814783166,0,False,1,Forwards
364,0.5360881374553667,0.3500106814783166,0,False,1,Forwards
365,0.5154576250495926,0.3500106814783166,0,False,1,Forwards
366,0.0,0.3500106814783166,0,False,1,Forwards
367,0.0,0.3500106814783166,0,False,1,Forwards
368,-0.4433423871578112,0.3500106814783166,0,False,1,Forwards
369,-0.5258033997619557,0.3500106814783166,0,False,1,Forwards
370,-0.22681356242561113,0.3500106814783166,0,False,1,Forwards
371,-0.195898312326426,0.3500106814783166,0,False,1,Forwards
372,-0.391766106143376,0.3500106814783166,0,False,1,Forwards
373,-0.402081362346263,0.3500106814783166,0,False,1,Forwards
374,-0.402081362346263,0.3500106814783166,0,False,1,Forwards
375,-0.402081362346263,0.3500106814783166,0,False,1,Forwards
376,-0.402081362346263,0.3500106814783166,0,False,1,Forwards
377,-0.391766106143376,0.3500106814783166,0,False,1,Forwards
378,-0.391766106143376,0.3500106814783166,0,False,1,Forwards
379,-0.3093050935392315,0.3500106814783166,0,False,1,Forwards
380,-0.3196203497421186,0.3500106814783166,0,False,1,Forwards
381,-0.24744407483138522,0.3500106814783166,0,False,1,Forwards
382,-0.20621356852931302,0.3500106814783166,0,False,1,Forwards
383,-0.20621356852931302,0.3500106814783166,0,False,1,Forwards
384,-0.20621356852931302,0.3500106814783166,0,False,1,Forwards
385,-0.195898312326426,0.3500106814783166,0,False,1,Forwards
386,-0.195898312326426,0.3500106814783166,0,False,1,Forwards
387,-0.20621356852931302,0.3500106814783166,0,False,1,Forwards
388,-0.20621356852931302,0.3500106814783166,0,False,1,Forwards
389,-0.195898312326426,0.3500106814783166,0,False,1,Forwards
390,-0.20621356852931302,0.3500106814783166,0,False,1,Forwards
391,-0.2371288186284982,0.3500106814783166,0,False,1,Forwards
392,-0.2783593249305704,0.3500106814783166,0,False,1,Forwards
393,-0.2989898373363445,0.3500106814783166,0,False,1,Forwards
394,-0.3196203497421186,0.3500106814783166,0,False,1,Forwards
395,-0.3402203436384167,0.3500106814783166,0,False,1,Forwards
396,-0.32993560594500565,0.3500106814783166,0,False,1,Forwards
397,-0.010315256202887051,0.3500106814783166,0,False,1,Forwards
398,0.0,0.3500106814783166,0,False,1,Forwards
399,0.0,0.3500106814783166,0,False,1,Forwards
400,0.0,0,0,False,1,Forwards
401,0.0,0,1.0,False,1,Forwards
402,-0.12372203741569261,0.18403118991668446,0,False,1,Forwards
403,0.0,0.18764152958769492,0,False,1,Forwards
404,0.0,0.1912518692587054,0,False,1,Forwards
405,0.0,0.3500106814783166,0,False,1,Forwards
406,0.0,0.3500106814783166,0,False,1,Forwards
407,0.0,0.3500106814783166,0,False,1,Forwards
408,0.0,0.3500106814783166,0,False,1,Forwards
409,0.0,0.3500106814783166,0,False,1,Forwards
410,0.0,0.34280068361461224,0,False,1,Forwards
411,0.0,0.33919034394360176,0,False,1,Forwards
412,0.0,0.32837000640888697,0,False,1,Forwards
413,0.0,0.3103289895321512,0,False,1,Forwards
414,0.0,0.3067186498611407,0,False,1,Forwards
415,0.0,0.3103289895321512,0,False,1,Forwards
416,0.0,0.3103289895321512,0,False,1,Forwards
417,0.0,0.3103289895321512,0,False,1,Forwards
418,0.0,0.3103289895321512,0,False,1,Forwards
419,0.0,0.3103289895321512,0,False,1,Forwards
420,0.0,0.3103289895321512,0,False,1,Forwards
421,0.0,0.3103289895321512,0,False,1,Left
422,0.0,0.3103289895321512,0,False,1,Left
423,0.0,0.3103289895321512,0,False,1,Left
424,0.0,0.3103289895321512,0,False,1,Left
425,0.0,0.3103289895321512,0,False,1,Left
426,0.0,0.2020722067934202,0,False,1,Left
427,-0.16498306222724082,0.20568254646443065,0,False,1,Left
428,-0.22681356242561113,0.20568254646443065,0,False,1,Left
429,-0.28867458113345745,0.2020722067934202,0,False,1,Left
430,0.0,0.20568254646443065,0,False,1,Left
431,-0.07217627491073336,0.20568254646443065,0,False,1,Left
432,-0.3196203497421186,0.21650288399914547,0,False,1,Left
433,-0.3608508560441908,0.22372356334116641,0,False,1,Left
434,-0.3814813684499649,0.23454390087588123,0,False,1,Left
435,-0.49488814966277045,0.23815424054689166,0,False,1,Left
436,-0.5154881435590686,0.24176458021790215,0,False,1,Left
437,-0.9382000183111057,0.24176458021790215,0,False,1,Left
438,-1.000030518509476,0.24176458021790215,0,False,1,Left
439,-1.000030518509476,0.24176458021790215,0,False,1,Left
440,-1.000030518509476,0.24176458021790215,0,False,1,Left
441,-1.000030518509476,0.24176458021790215,0,False,1,Left
442,-1.000030518509476,0.24176458021790215,0,False,1,Left
443,-0.8247932370983001,0.24176458021790215,0,False,1,Left
444,0.0,0.24176458021790215,0,False,1,Left
445,0.0,0.24176458021790215,0,False,1,Left
446,0.0,0.24537491988891258,0,False,1,Left
447,0.0,0.24537491988891258,0,False,1,Left
448,-0.2165288247322001,0.24537491988891258,0,False,1,Left
449,-0.5361186559648426,0.2670262764366588,0,False,1,Left
450,-0.6288949247718741,0.26341593676564834,0,False,1,Left
451,-0.618579668568987,0.2742362743003632,0,False,1,Left
452,-0.6288949247718741,0.2814569536423841,0,False,1,Left
453,-0.6288949247718741,0.2814569536423841,0,False,1,Left
454,-0.6288949247718741,0.2778466139713736,0,False,1,Left
455,-0.45362712485122225,0.2778466139713736,0,False,1,Left
456,-0.2989898373363445,0.2850672933133946,0,False,1,Left
457,-0.24744407483138522,0.2922772911770989,0,False,1,Left
458,-0.5464339121677297,0.2922772911770989,0,False,1,Left
459,-0.5567186498611408,0.2958876308481093,0,False,1,Left
460,-0.5051728873561815,0.2922772911770989,0,False,1,Left
461,-0.5361186559648426,0.2922772911770989,0,False,1,Left
462,-0.5773491622669149,0.2922772911770989,0,False,1,Left
463,-0.5670339060640278,0.2922772911770989,0,False,1,Left
464,-0.3505355998413037,0.2922772911770989,0,False,1,Left
465,0.0,0.2922772911770989,0,False,1,Left
466,-0.3093050935392315,0.2922772911770989,0,False,1,Left
467,-0.6907559434797205,0.2922772911770989,0,False,1,Left
468,-0.7319864497817926,0.2958876308481093,0,False,1,Left
469,-0.7217017120883816,0.2922772911770989,0,False,1,Left
470,-0.41239661854915005,0.2922772911770989,0,False,1,Left
471,-0.6288949247718741,0.2922772911770989,0,False,1,Left
472,-0.6907559434797205,0.2922772911770989,0,False,1,Left
473,-0.6907559434797205,0.2922772911770989,0,False,1,Left
474,-0.6907559434797205,0.2922772911770989,0,False,1,Left
475,-0.37116611224707785,0.2922772911770989,0,False,1,Left
476,-0.195898312326426,0.2922772911770989,0,False,1,Left
477,-0.5567186498611408,0.2922772911770989,0,False,1,Left
478,-0.7217017120883816,0.2958876308481093,0,False,1,Left
479,-0.7217017120883816,0.2922772911770989,0,False,1,Left
480,-0.6392101809747612,0.2922772911770989,0,False,1,Left
481,0.0,0.2922772911770989,0,False,1,Left
482,-0.5670339060640278,0.2958876308481093,0,False,1,Left
483,-0.32993560594500565,0.2958876308481093,0,False,1,Left
484,-1.000030518509476,0.061343729972228145,0,False,1,Left
485,-0.2371288186284982,0.15516983550523392,0,False,1,Left
486,-0.24744407483138522,0.17681051057466352,0,False,1,Left
487,-0.5670339060640278,0.180420850245674,0,False,1,Left
488,-0.597979674672689,0.17681051057466352,0,False,1,Left
489,-0.6392101809747612,0.17681051057466352,0,False,1,Left
490,-0.7526169621875668,0.180420850245674,0,False,1,Left
491,-0.783532212286752,0.17681051057466352,0,False,1,Left
492,-0.783532212286752,0.180420850245674,0,False,1,Left
493,-0.7938474684896389,0.18403118991668446,0,False,1,Left
494,-0.7938474684896389,0.23454390087588123,0,False,1,Left
495,-0.7938474684896389,0.23454390087588123,0,False,1,Left
496,-0.804162724692526,0.23454390087588123,0,False,1,Left
497,-0.7938474684896389,0.23454390087588123,0,False,1,Left
498,-0.4845728934598834,0.23454390087588123,0,False,1,Left
499,0.0,0.2670262764366588,0,False,1,Left
500,0.0,0.27063661610766926,0,False,1,Left
501,0.0,0.27063661610766926,0,False,1,Left
502,-0.18558305612353893,0.2742362743003632,0,False,1,Left
503,-0.3093050935392315,0.2742362743003632,0,False,1,Left
504,-0.2989898373363445,0.2922772911770989,0,False,1,Left
505,-0.32993560594500565,0.2958876308481093,0,False,1,Left
506,-0.32993560594500565,0.2994979705191198,0,False,1,Left
507,-0.3608508560441908,0.2994979705191198,0,False,1,Left
508,-0.5361186559648426,0.2994979705191198,0,False,1,Left
509,-0.5258033997619557,0.2994979705191198,0,False,1,Left
510,-0.5258033997619557,0.2994979705191198,0,False,1,Left
511,-0.5154881435590686,0.2994979705191198,0,False,1,Left
512,-0.5154881435590686,0.2994979705191198,0,False,1,Left
513,-0.6392101809747612,0.2994979705191198,0,False,1,Left
514,-0.6907559434797205,0.2994979705191198,0,False,1,Left
515,-0.7010711996826074,0.2994979705191198,0,False,1,Left
516,-0.6907559434797205,0.2994979705191198,0,False,1,Left
517,-0.7010711996826074,0.2994979705191198,0,False,1,Left
518,-0.6907559434797205,0.2994979705191198,0,False,1,Left
519,-0.6907559434797205,0.2994979705191198,0,False,1,Left
520,-0.6804406872768334,0.2994979705191198,0,False,1,Left
521,-0.18558305612353893,0.2994979705191198,0,False,1,Left
522,0.0,0.19485152745139928,0,False,1,Left
523,0.0,0.11907712027344583,0,False,1,Left
524,0.0,0.2850672933133946,0,False,1,Left
525,0.0,0.2850672933133946,0,False,1,Left
526,-0.5258033997619557,0.2850672933133946,0,False,1,Left
527,-0.6288949247718741,0.2850672933133946,0,False,1,Left
528,-0.45362712485122225,0.288677632984405,0,False,1,Left
529,-0.46394238105410934,0.2850672933133946,0,False,1,Left
530,-0.46394238105410934,0.288677632984405,0,False,1,Left
531,-0.3814813684499649,0.31392864772484513,0,False,1,Left
532,-0.391766106143376,0.31753898739585557,0,False,1,Left
533,-0.5154881435590686,0.31753898739585557,0,False,1,Left
534,-0.5567186498611408,0.32114932706686605,0,False,1,Left
535,-0.5464339121677297,0.32114932706686605,0,False,1,Left
536,-0.5567186498611408,0.32114932706686605,0,False,1,Left
537,-0.5567186498611408,0.31753898739585557,0,False,1,Left
538,-0.6082949308755761,0.31753898739585557,0,False,1,Left
539,-0.597979674672689,0.31753898739585557,0,False,1,Left
540,-0.5464339121677297,0.31753898739585557,0,False,1,Left
541,-0.05157628101443525,0.32114932706686605,0,False,1,Left
542,0.0,0.31753898739585557,0,False,1,Left
543,-0.18558305612353893,0.31753898739585557,0,False,1,Left
544,-0.3608508560441908,0.31753898739585557,0,False,1,Left
545,-0.402081362346263,0.31753898739585557,0,False,1,Left
546,-0.41239661854915005,0.31753898739585557,0,False,1,Left
547,-0.6392101809747612,0.31753898739585557,0,False,1,Left
548,-0.6495254371776482,0.31753898739585557,0,False,1,Left
549,-0.6598406933805353,0.32114932706686605,0,False,1,Left
550,-0.6495254371776482,0.31753898739585557,0,False,1,Left
551,-0.6495254371776482,0.31753898739585557,0,False,1,Left
552,-0.6495254371776482,0.32114932706686605,0,False,1,Left
553,-0.6598406933805353,0.31753898739585557,0,False,1,Left
554,-0.6495254371776482,0.31753898739585557,0,False,1,Left
555,-0.6598406933805353,0.31753898739585557,0,False,1,Left
556,-0.6598406933805353,0.32114932706686605,0,False,1,Left
557,0.0,0.3031083101901303,0,False,1,Left
558,0.0,0,1.0,False,1,Left
559,0.0,0.15516983550523392,0,False,1,Right
560,0.2164983062227241,0.15516983550523392,0,False,1,Right
561,0.5051423688467055,0.15876949369792778,0,False,1,Right
562,0.0,0.15876949369792778,0,False,1,Right
563,0.0,0.15516983550523392,0,False,1,Right
564,0.0,0.1696005127109592,0,False,1,Right
565,0.7010406811731315,0.17681051057466352,0,False,1,Right
566,1.0,0.18403118991668446,0,False,1,Right
567,1.0,0.18403118991668446,0,False,1,Right
568,1.0,0.18403118991668446,0,False,1,Right
569,1.0,0.18403118991668446,0,False,1,Right
570,1.0,0.18403118991668446,0,False,1,Right
571,1.0,0.18403118991668446,0,False,1,Right
572,1.0,0.19485152745139928,0,False,1,Right
573,1.0,0.2020722067934202,0,False,1,Right
574,1.0,0.20568254646443065,0,False,1,Right
575,1.0,0.2129032258064516,0,False,1,Right
576,0.0,0.21650288399914547,0,False,1,Right
577,0.0,0.2129032258064516,0,False,1,Right
578,0.0,0.2129032258064516,0,False,1,Right
579,0.0,0.24537491988891258,0,False,1,Right
580,0.0,0.24898525955992307,0,False,1,Right
581,0.12369151890621662,0.24898525955992307,0,False,1,Right
582,0.5154576250495926,0.24898525955992307,0,False,1,Right
583,0.4742271187475204,0.24537491988891258,0,False,1,Right
584,0.08246101260414442,0.24537491988891258,0,False,1,Right
585,0.2164983062227241,0.26341593676564834,0,False,1,Right
586,0.7422711874752037,0.2670262764366588,0,False,1,Right
587,0.5773186437574389,0.2670262764366588,0,False,1,Right
588,0.3195898312326426,0.2670262764366588,0,False,1,Right
589,0.6082644123661001,0.2670262764366588,0,False,1,Right
590,0.597949156163213,0.27063661610766926,0,False,1,Right
591,0.5257728812524797,0.2670262764366588,0,False,1,Right
592,0.4742271187475204,0.27063661610766926,0,False,1,Right
593,0.4742271187475204,0.2922772911770989,0,False,1,Right
594,0.14432203131199073,0.2922772911770989,0,False,1,Right
595,0.0,0.2958876308481093,0,False,1,Right
596,0.0,0.2958876308481093,0,False,1,Right
597,0.20618305001983703,0.2994979705191198,0,False,1,Right
598,0.4845423749504074,0.2994979705191198,0,False,1,Right
599,0.618549150059511,0.3031083101901303,0,False,1,Right
600,0.618549150059511,0.2994979705191198,0,False,1,Right
601,0.49485763115329445,0.2994979705191198,0,False,1,Right
602,0.14432203131199073,0.3031083101901303,0,False,1,Right
603,0.13400677510910367,0.3031083101901303,0,False,1,Right
604,0.11337626270332957,0.3031083101901303,0,False,1,Right
605,0.020599993896298106,0.3031083101901303,0,False,1,Right
606,0.0,0.34280068361461224,0,False,1,Right
607,0.0,0.3500106814783166,0,False,1,Right
608,0.0,0.3500106814783166,0,False,1,Right
609,0.0,0.3500106814783166,0,False,1,Right
610,-0.07217627491073336,0.3500106814783166,0,False,1,Right
611,-0.07217627491073336,0.3500106814783166,0,False,1,Right
612,0.0,0.3500106814783166,0,False,1,Right
613,0.0,0.3500106814783166,0,False,1,Right
614,0.0,0.3500106814783166,0,False,1,Right
615,0.0,0.3500106814783166,0,False,1,Right
616,0.0,0.3500106814783166,0,False,1,Right
617,0.0,0.3500106814783166,0,False,1,Right
618,0.0,0.3500106814783166,0,False,1,Right
619,0.0,0.3500106814783166,0,False,1,Right
620,0.0,0.3500106814783166,0,False,1,Right
621,-0.13403729361857966,0.3500106814783166,0,False,1,Right
622,-0.17526779992065186,0.3500106814783166,0,False,1,Right
623,0.0,0.3500106814783166,0,False,1,Right
624,0.0,0.3500106814783166,0,False,1,Right
625,0.0,0.3500106814783166,0,False,1,Right
626,0.13400677510910367,0.3500106814783166,0,False,1,Right
627,0.0,0.3500106814783166,0,False,1,Right
628,0.0,0.3500106814783166,0,False,1,Right
629,0.0,0.3500106814783166,0,False,1,Right
630,0.0,0.3500106814783166,0,False,1,Right
631,0.0,0.3500106814783166,0,False,1,Right
632,0.0,0.3500106814783166,0,False,1,Right
633,0.0,0.3500106814783166,0,False,1,Right
634,0.0,0.3500106814783166,0,False,1,Right
635,0.0,0.3500106814783166,0,False,1,Right
636,0.13400677510910367,0.3500106814783166,0,False,1,Right
637,0.18555253761406293,0.3500106814783166,0,False,1,Right
638,0.18555253761406293,0.3500106814783166,0,False,1,Right
639,0.2164983062227241,0.3500106814783166,0,False,1,Right
640,0.24741355632190923,0.3500106814783166,0,False,1,Right
641,0.6700949125644704,0.3500106814783166,0,False,1,Right
642,0.7010406811731315,0.3500106814783166,0,False,1,Right
643,0.5257728812524797,0.3500106814783166,0,False,1,Right
644,0.5154576250495926,0.3500106814783166,0,False,1,Right
645,0.3608203375347148,0.3500106814783166,0,False,1,Right
646,0.13400677510910367,0.3500106814783166,0,False,1,Right
647,0.2577288125247963,0.3500106814783166,0,False,1,Right
648,0.35050508133182773,0.3500106814783166,0,False,1,Right
649,0.3814508499404889,0.3500106814783166,0,False,1,Right
650,0.4226813562425611,0.3500106814783166,0,False,1,Right
651,0.4226813562425611,0.3500106814783166,0,False,1,Right
652,0.402050843836787,0.3500106814783166,0,False,1,Right
653,0.41236610003967406,0.3500106814783166,0,False,1,Right
654,0.3917355876339,0.3500106814783166,0,False,1,Right
655,0.3917355876339,0.3500106814783166,0,False,1,Right
656,0.402050843836787,0.3500106814783166,0,False,1,Right
657,0.06183050019837031,0.3500106814783166,0,False,1,Right
658,0.0,0.3500106814783166,0,False,1,Right
659,0.0,0.3500106814783166,0,False,1,Right
660,0.0,0.3500106814783166,0,False,1,Right
661,0.0,0.3500106814783166,0,False,1,Right
662,0.0,0.3500106814783166,0,False,1,Right
663,0.06183050019837031,0.3500106814783166,0,False,1,Right
664,0.11337626270332957,0.3500106814783166,0,False,1,Right
665,0.10309152500991851,0.3500106814783166,0,False,1,Right
666,0.10309152500991851,0.3500106814783166,0,False,1,Right
667,0.0,0.3500106814783166,0,False,1,Right
668,0.0,0.3500106814783166,0,False,1,Right
669,0.0,0.3500106814783166,0,False,1,Right
670,0.0,0.3500106814783166,0,False,1,Right
671,0.0,0.3500106814783166,0,False,1,Right
672,0.0,0.3500106814783166,0,False,1,Right
673,0.0,0.3500106814783166,0,False,1,Right
674,0.14432203131199073,0.3500106814783166,0,False,1,Right
675,0.19586779381695,0.3500106814783166,0,False,1,Right
676,0.18555253761406293,0.3500106814783166,0,False,1,Right
677,0.18555253761406293,0.3500106814783166,0,False,1,Right
678,0.19586779381695,0.3500106814783166,0,False,1,Right
679,0.20618305001983703,0.3500106814783166,0,False,1,Right
680,0.41236610003967406,0.3500106814783166,0,False,1,Right
681,0.4226813562425611,0.3500106814783166,0,False,1,Right
682,0.402050843836787,0.3500106814783166,0,False,1,Right
683,0.402050843836787,0.3500106814783166,0,False,1,Right
684,0.402050843836787,0.3500106814783166,0,False,1,Right
685,0.402050843836787,0.3500106814783166,0,False,1,Right
686,0.0,0.3500106814783166,0,False,1,Right
687,0.15463728751487776,0.3500106814783166,0,False,1,Right
688,0.4433118686483352,0.3500106814783166,0,False,1,Right
689,0.4845423749504074,0.3500106814783166,0,False,1,Right
690,0.4742271187475204,0.3500106814783166,0,False,1,Right
691,0.4742271187475204,0.3500106814783166,0,False,1,Right
692,0.4845423749504074,0.3500106814783166,0,False,1,Right
693,0.0,0.3500106814783166,0,False,1,Right
694,0.2783288064210944,0.3500106814783166,0,False,1,Right
695,0.37113559373760185,0.3500106814783166,0,False,1,Right
696,0.3608203375347148,0.3500106814783166,0,False,1,Right
697,0.2989593188268685,0.3500106814783166,0,False,1,Right
698,0.2164983062227241,0.3500106814783166,0,False,1,Right
699,0.20618305001983703,0.3500106814783166,0,False,1,Right
700,0.2164983062227241,0.3500106814783166,0,False,1,Right
701,0.04123050630207221,0.3500106814783166,0,False,1,Right
702,0.0,0.3500106814783166,0,False,1,Right
703,1.0,0.3500106814783166,0,False,1,Right
704,1.0,0.11547746208075196,0,False,1,Right
705,1.0,0,0,False,1,Right
706,1.0,0.1443388164922025,0,False,1,Right
707,1.0,0.14794915616321297,0,False,1,Right
708,1.0,0.14794915616321297,0,False,1,Right
709,1.0,0.1443388164922025,0,False,1,Right
710,1.0,0.1443388164922025,0,False,1,Right
711,1.0,0.1443388164922025,0,False,1,Right
712,1.0,0.1443388164922025,0,False,1,Right
713,1.0,0.1443388164922025,0,False,1,Right
714,1.0,0.1443388164922025,0,False,1,Right
715,0.5670033875545518,0.1443388164922025,0,False,1,Right
716,0.2783288064210944,0.14794915616321297,0,False,1,Right
717,0.0,0.18764152958769492,0,False,1,Right
718,0.0,0.21650288399914547,0,False,1,Right
719,0.0,0.23094424268318733,0,False,1,Right
720,0.0,0.23815424054689166,0,False,1,Right
721,0.0,0.24898525955992307,0,False,1,Right
722,0.0,0.24537491988891258,0,False,1,Right
723,0.0,0.24537491988891258,0,False,1,Right
724,0.0,0.24537491988891258,0,False,1,Right
725,0.0,0.24898525955992307,0,False,1,Right
726,0.0,0.2598055970946379,0,False,1,Right
727,0.0,0.2742362743003632,0,False,1,Right
728,0.0,0.2742362743003632,0,False,1,Right
729,0.0,0.2742362743003632,0,False,1,Right
730,0.0,0.3067186498611407,0,False,1,Right
731,0.0,0.31392864772484513,0,False,1,Right
732,0.0,0.31392864772484513,0,False,1,Right
733,0.0,0.31392864772484513,0,False,1,Right
734,-0.010315256202887051,0.31392864772484513,0,False,1,Right
735,-0.020630512405774102,0.31392864772484513,0,False,1,Right
736,-0.16498306222724082,0.31753898739585557,0,False,1,Right
737,-0.195898312326426,0.31753898739585557,0,False,1,Right
738,-0.195898312326426,0.31753898739585557,0,False,1,Right
739,-0.20621356852931302,0.32114932706686605,0,False,1,Right
740,-0.20621356852931302,0.32114932706686605,0,False,1,Right
741,-0.5670339060640278,0.31753898739585557,0,False,1,Right
742,-0.6598406933805353,0.32114932706686605,0,False,1,Right
743,-0.6598406933805353,0.31753898739585557,0,False,1,Right
744,-0.6598406933805353,0.31753898739585557,0,False,1,Right
745,-0.6701254310739464,0.31753898739585557,0,False,1,Right
746,-0.6701254310739464,0.31753898739585557,0,False,1,Right
747,-0.6701254310739464,0.31753898739585557,0,False,1,Right
748,-0.8247932370983001,0.32114932706686605,0,False,1,Right
749,-0.8247932370983001,0.31753898739585557,0,False,1,Right
750,-0.8350779747917112,0.32114932706686605,0,False,1,Right
751,-0.5464339121677297,0.31753898739585557,0,False,1,Right
752,0.0,0.31753898739585557,0,False,1,Right
753,-0.4330271309549242,0.31753898739585557,0,False,1,Right
754,0.0,0.31753898739585557,0,False,1,Right
755,0.0,0.32114932706686605,0,False,1,Right
756,0.0,0.31753898739585557,0,False,1,Right
757,0.0,0.32114932706686605,0,False,1,Right
758,0.0,0.3500106814783166,0,False,1,Right
759,0.0,0.3500106814783166,0,False,1,Right
760,0.0,0.3500106814783166,0,False,1,Right
761,0.0,0.3500106814783166,0,False,1,Right
762,0.0,0.3500106814783166,0,False,1,Right
763,0.0,0.3500106814783166,0,False,1,Right
764,-0.3814813684499649,0.3500106814783166,0,False,1,Right
765,-0.8350779747917112,0.3500106814783166,0,False,1,Right
766,-0.8557084871974853,0.3500106814783166,0,False,1,Right
767,-0.8350779747917112,0.3500106814783166,0,False,1,Right
768,-0.6804406872768334,0.3500106814783166,0,False,1,Right
769,-0.13403729361857966,0.3500106814783166,0,False,1,Right
770,-0.14435254982146672,0.3500106814783166,0,False,1,Right
771,-0.20621356852931302,0.3500106814783166,0,False,1,Right
772,-0.28867458113345745,0.3500106814783166,0,False,1,Right
773,-0.28867458113345745,0.3500106814783166,0,False,1,Right
774,-0.4845728934598834,0.3500106814783166,0,False,1,Right
775,-0.4845728934598834,0.3500106814783166,0,False,1,Right
776,-0.4742576372569964,0.3500106814783166,0,False,1,Right
777,-0.041261024811548204,0.3500106814783166,0,False,1,Right
778,0.0,0.3500106814783166,0,False,1,Right
779,-0.2165288247322001,0.3500106814783166,0,False,1,Right
780,-0.195898312326426,0.3500106814783166,0,False,1,Right
781,0.0,0.3500106814783166,0,False,1,Right
782,0.0,0.23454390087588123,0,False,1,Right
783,0.0,0.039692373424481946,0,False,1,Right
784,0.0,0,0,False,1,Right
785,1.0,0.10464644306772057,0,False,1,Right
786,1.0,0.1010361033967101,0,False,1,Right
787,1.0,0.10464644306772057,0,False,1,Right
788,1.0,0.10464644306772057,0,False,1,Right
789,1.0,0.1371181371501816,0,False,1,Right
790,1.0,0.14072847682119205,0,False,1,Right
791,1.0,0.1371181371501816,0,False,1,Right
792,1.0,0.14072847682119205,0,False,1,Right
793,1.0,0.14072847682119205,0,False,1,Right
794,0.0,0.25259559923093355,0,False,1,Right
795,0.35050508133182773,0.26341593676564834,0,False,1,Right
796,1.0,0.2670262764366588,0,False,1,Right
797,1.0,0.26341593676564834,0,False,1,Right
798,1.0,0.2670262764366588,0,False,1,Right
799,1.0,0.2670262764366588,0,False,1,Right
800,1.0,0.26341593676564834,0,False,1,Right
801,1.0,0.26341593676564834,0,False,1,Right
802,1.0,0.26341593676564834,0,False,1,Right
803,1.0,0.2670262764366588,0,False,1,Right
804,1.0,0.2670262764366588,0,False,1,Right
805,1.0,0.2670262764366588,0,False,1,Right
806,1.0,0.2670262764366588,0,False,1,Right
807,0.9690847499008148,0.2670262764366588,0,False,1,Right
808,0.0,0.26341593676564834,0,False,1,Right
809,0.0,0.2670262764366588,0,False,1,Right
810,0.0,0.3103289895321512,0,False,1,Right
811,0.0,0.33919034394360176,0,False,1,Right
812,0.0,0.33919034394360176,0,False,1,Right
813,0.0,0.33558000427259127,0,False,1,Right
814,0.10309152500991851,0.33919034394360176,0,False,1,Right
815,0.6907254249702445,0.33919034394360176,0,False,1,Right
816,0.7319559312723166,0.33919034394360176,0,False,1,Right
817,0.5670033875545518,0.33919034394360176,0,False,1,Right
818,0.5876338999603259,0.33919034394360176,0,False,1,Right
819,0.8350474562822352,0.33919034394360176,0,False,1,Right
820,0.7010406811731315,0.33919034394360176,0,False,1,Right
821,0.2164983062227241,0.33919034394360176,0,False,1,Right
822,0.0,0.33919034394360176,0,False,1,Right
823,0.5670033875545518,0.33919034394360176,0,False,1,Right
824,0.3917355876339,0.33919034394360176,0,False,1,Right
825,0.3608203375347148,0.33919034394360176,0,False,1,Right
826,0.46391186254463335,0.33919034394360176,0,False,1,Right
827,0.45359660634174626,0.33919034394360176,0,False,1,Right
828,0.0,0.33919034394360176,0,False,1,Right
829,0.0,0.33919034394360176,0,False,1,Right
830,0.0,0.33919034394360176,0,False,1,Right
831,0.0,0.33919034394360176,0,False,1,Right
832,0.0,0.33919034394360176,0,False,1,Right
833,0.0,0.3500106814783166,0,False,1,Right
834,0.0,0.3500106814783166,0,False,1,Right
835,0.0,0.3500106814783166,0,False,1,Right
836,0.0,0.3500106814783166,0,False,1,Right
837,0.0,0.3500106814783166,0,False,1,Right
838,-0.020630512405774102,0.3500106814783166,0,False,1,Right
839,-0.020630512405774102,0.3500106814783166,0,False,1,Right
840,-0.010315256202887051,0.3500106814783166,0,False,1,Right
841,-0.11340678121280556,0.3500106814783166,0,False,1,Right
842,-0.12372203741569261,0.3500106814783166,0,False,1,Right
843,-0.11340678121280556,0.3500106814783166,0,False,1,Right
844,0.0,0.3500106814783166,0,False,1,Right
845,0.0,0.3500106814783166,0,False,1,Right
846,0.0,0.3500106814783166,0,False,1,Right
847,0.0,0.3500106814783166,0,False,1,Right
848,0.0,0.3500106814783166,0,False,1,Right
849,0.0,0.3500106814783166,0,False,1,Right
850,0.0,0.3500106814783166,0,False,1,Right
851,0.030915250099185155,0.3500106814783166,0,False,1,Right
852,0.08246101260414442,0.3500106814783166,0,False,1,Right
853,0.11337626270332957,0.3500106814783166,0,False,1,Right
854,0.18555253761406293,0.3500106814783166,0,False,1,Right
855,0.0,0.3500106814783166,0,False,1,Right
856,0.0,0.3500106814783166,0,False,1,Right
857,0.0,0.3500106814783166,0,False,1,Right
858,0.0,0.3500106814783166,0,False,1,Right
859,0.0,0.3500106814783166,0,False,1,Right
860,0.0,0.3500106814783166,0,False,1,Right
861,0.0,0.3500106814783166,0,False,1,Right
862,0.0,0.3500106814783166,0,False,1,Right
863,0.0,0.3500106814783166,0,False,1,Right
864,0.0,0.3500106814783166,0,False,1,Right
865,0.0,0.3500106814783166,0,False,1,Right
866,0.0,0.3500106814783166,0,False,1,Right
867,0.19586779381695,0.3500106814783166,0,False,1,Right
868,0.5360881374553667,0.3500106814783166,0,False,1,Right
869,0.8556779686880093,0.3500106814783166,0,False,1,Right
870,0.7525864436780908,0.3500106814783166,0,False,1,Right
871,0.597949156163213,0.3500106814783166,0,False,1,Right
872,0.5360881374553667,0.3500106814783166,0,False,1,Right
873,0.5257728812524797,0.3500106814783166,0,False,1,Right
874,0.3608203375347148,0.3500106814783166,0,False,1,Right
875,0.2370983001190222,0.3500106814783166,0,False,1,Right
876,0.22678304391613513,0.3500106814783166,0,False,1,Right
877,0.24741355632190923,0.3500106814783166,0,False,1,Right
878,0.2577288125247963,0.3500106814783166,0,False,1,Right
879,0.24741355632190923,0.3500106814783166,0,False,1,Right
880,0.2577288125247963,0.3500106814783166,0,False,1,Right
881,0.2577288125247963,0.3500106814783166,0,False,1,Right
882,0.24741355632190923,0.3500106814783166,0,False,1,Right
883,0.24741355632190923,0.3500106814783166,0,False,1,Right
884,0.2577288125247963,0.3500106814783166,0,False,1,Right
885,0.17523728141117587,0.3500106814783166,0,False,1,Right
886,0.0,0.3500106814783166,0,False,1,Right
887,0.0,0.3500106814783166,0,False,1,Right
888,0.0,0.3500106814783166,0,False,1,Right
889,0.0,0.3500106814783166,0,False,1,Right
890,0.0,0.3500106814783166,0,False,1,Right
891,0.0,0.3500106814783166,0,False,1,Right
892,0.0,0.3500106814783166,0,False,1,Right
893,0.0,0.3500106814783166,0,False,1,Right
894,0.0,0.3500106814783166,0,False,1,Right
895,0.0,0.3500106814783166,0,False,1,Right
896,0.05154576250495926,0.3500106814783166,0,False,1,Right
897,0.10309152500991851,0.3500106814783166,0,False,1,Right
898,0.10309152500991851,0.3500106814783166,0,False,1,Right
899,0.11337626270332957,0.3500106814783166,0,False,1,Right
900,0.10309152500991851,0.3500106814783166,0,False,1,Right
901,0.11337626270332957,0.3500106814783166,0,False,1,Right
902,0.11337626270332957,0.3500106814783166,0,False,1,Right
903,0.10309152500991851,0.3500106814783166,0,False,1,Right
904,0.2164983062227241,0.3500106814783166,0,False,1,Right
905,0.3917355876339,0.3500106814783166,0,False,1,Right
906,0.4226813562425611,0.3500106814783166,0,False,1,Right
907,0.4226813562425611,0.3500106814783166,0,False,1,Right
908,0.4226813562425611,0.3500106814783166,0,False,1,Right
909,0.4226813562425611,0.3500106814783166,0,False,1,Right
910,0.4226813562425611,0.3500106814783166,0,False,1,Right
911,0.3608203375347148,0.3500106814783166,0,False,1,Right
912,0.3814508499404889,0.3500106814783166,0,False,1,Right
913,0.37113559373760185,0.3500106814783166,0,False,1,Right
914,0.3814508499404889,0.3500106814783166,0,False,1,Right
915,0.37113559373760185,0.3500106814783166,0,False,1,Right
916,0.37113559373760185,0.3500106814783166,0,False,1,Right
917,0.37113559373760185,0.3500106814783166,0,False,1,Right
918,0.3814508499404889,0.3500106814783166,0,False,1,Right
919,0.19586779381695,0.3500106814783166,0,False,1,Right
920,0.19586779381695,0.3500106814783166,0,False,1,Right
921,0.19586779381695,0.3500106814783166,0,False,1,Right
922,0.18555253761406293,0.3500106814783166,0,False,1,Right
923,0.18555253761406293,0.3500106814783166,0,False,1,Right
924,0.18555253761406293,0.3500106814783166,0,False,1,Right
925,0.19586779381695,0.3500106814783166,0,False,1,Right
926,0.24741355632190923,0.3500106814783166,0,False,1,Right
927,0.5876338999603259,0.3500106814783166,0,False,1,Right
928,1.0,0.3500106814783166,0,False,1,Right
929,1.0,0.3500106814783166,0,False,1,Right
930,1.0,0.3500106814783166,0,False,1,Right
931,1.0,0.3500106814783166,0,False,1,Right
932,1.0,0.3500106814783166,0,False,1,Right
933,1.0,0.3500106814783166,0,False,1,Right
934,1.0,0.3500106814783166,0,False,1,Right
935,0.5051423688467055,0.3500106814783166,0,False,1,Right
936,0.0,0.3500106814783166,0,False,1,Right
937,0.0,0.3500106814783166,0,False,1,Right
938,0.0,0.3500106814783166,0,False,1,Right
939,-0.10312204351939451,0.3500106814783166,0,False,1,Right
940,-0.3402203436384167,0.3500106814783166,0,False,1,Right
941,0.0,0.3500106814783166,0,False,1,Right
942,0.0,0.3500106814783166,0,False,1,Right
943,0.0,0.3500106814783166,0,False,1,Right
944,0.0,0.3500106814783166,0,False,1,Right
945,-0.07217627491073336,0.3500106814783166,0,False,1,Right
946,-0.2989898373363445,0.3500106814783166,0,False,1,Right
947,0.0,0.3500106814783166,0,False,1,Right
948,0.0,0.3500106814783166,0,False,1,Right
949,0.0,0.3500106814783166,0,False,1,Right
950,0.0,0.3500106814783166,0,False,1,Right
951,0.0,0.3500106814783166,0,False,1,Right
952,0.0,0.3500106814783166,0,False,1,Right
953,-0.22681356242561113,0.3500106814783166,0,False,1,Right
954,-0.41239661854915005,0.3500106814783166,0,False,1,Right
955,0.0,0.3500106814783166,0,False,1,Right
956,0.0,0.3500106814783166,0,False,1,Right
957,0.0,0.3500106814783166,0,False,1,Right
958,0.0,0.3500106814783166,0,False,1,Right
959,0.0,0.3500106814783166,0,False,1,Right
960,-0.041261024811548204,0.3500106814783166,0,False,1,Right
961,-0.05157628101443525,0.3500106814783166,0,False,1,Right
962,-0.22681356242561113,0.3500106814783166,0,False,1,Right
963,-0.4433423871578112,0.3500106814783166,0,False,1,Right
964,-0.4742576372569964,0.3500106814783166,0,False,1,Right
965,-0.4742576372569964,0.3500106814783166,0,False,1,Right
966,-0.4742576372569964,0.3500106814783166,0,False,1,Right
967,-0.5051728873561815,0.3500106814783166,0,False,1,Right
968,-1.000030518509476,0.3500106814783166,0,False,1,Right
969,-1.000030518509476,0.3500106814783166,0,False,1,Right
970,-1.000030518509476,0.3500106814783166,0,False,1,Right
971,-1.000030518509476,0.3500106814783166,0,False,1,Right
972,0.0,0.3500106814783166,0,False,1,Right
973,0.0,0.3500106814783166,0,False,1,Right
974,0.11337626270332957,0.3500106814783166,0,False,1,Right
975,0.22678304391613513,0.3500106814783166,0,False,1,Right
976,0.0,0.3500106814783166,0,False,1,Right
977,0.0,0.3500106814783166,0,False,1,Right
978,0.0,0.3500106814783166,0,False,1,Right
979,0.0,0.33558000427259127,0,False,1,Right
980,0.0,0.3103289895321512,0,False,1,Right
981,-0.010315256202887051,0.26341593676564834,0,False,1,Right
982,-0.195898312326426,0.26341593676564834,0,False,1,Right
983,-0.5051728873561815,0.2598055970946379,0,False,1,Right
984,-0.7010711996826074,0.22733390301217685,0,False,1,Right
985,-0.6907559434797205,0.22733390301217685,0,False,1,Right
986,-0.6907559434797205,0.22733390301217685,0,False,1,Right
987,-0.8866542558061464,0.21650288399914547,0,False,1,Right
988,-0.8660237434003724,0.2129032258064516,0,False,1,Right
989,-0.8763389996032593,0.21650288399914547,0,False,1,Right
990,-0.8763389996032593,0.21650288399914547,0,False,1,Right
991,-0.8763389996032593,0.21650288399914547,0,False,1,Right
992,-0.8763389996032593,0.21650288399914547,0,False,1,Right
993,-0.8144779808954131,0.21650288399914547,0,False,1,Right
994,-0.7423017059846797,0.21650288399914547,0,False,1,Right
995,-0.6804406872768334,0.21650288399914547,0,False,1,Right
996,-0.6804406872768334,0.21650288399914547,0,False,1,Right
997,0.0,0.21650288399914547,0,False,1,Right
998,0.0,0.21650288399914547,0,False,1,Right
999,0.0,0.21650288399914547,0,False,1,Right
1000,0.0,0.21650288399914547,0,False,1,Right
1001,0.0,0.21650288399914547,0,False,1,Right
1002,0.020599993896298106,0.21650288399914547,0,False,1,Right
1003,0.402050843836787,0.21650288399914547,0,False,1,Right
1004,0.7113559373760185,0.21650288399914547,0,False,1,Right
1005,1.0,0.21650288399914547,0,False,1,Right
1006,1.0,0.21650288399914547,0,False,1,Right
1007,1.0,0.21650288399914547,0,False,1,Right
1008,1.0,0.21650288399914547,0,False,1,Right
1009,1.0,0.21650288399914547,0,False,1,Right
1010,1.0,0.21650288399914547,0,False,1,Right
1011,1.0,0.21650288399914547,0,False,1,Right
1012,1.0,0.2129032258064516,0,False,1,Right
1013,1.0,0.21650288399914547,0,False,1,Right
1014,0.9278542435987427,0.2129032258064516,0,False,1,Right
1015,0.0,0.18764152958769492,0,False,1,Right
1016,0.0,0.19485152745139928,0,False,1,Right
1017,0.0,0.19485152745139928,0,False,1,Right
1018,0.9072237311929685,0.19846186712240974,0,False,1,Right
1019,1.0,0.19485152745139928,0,False,1,Right
1020,1.0,0.19485152745139928,0,False,1,Right
1021,0.9587694936979277,0.19846186712240974,0,False,1,Right
1022,1.0,0.19485152745139928,0,False,1,Right
1023,1.0,0.19485152745139928,0,False,1,Right
1024,1.0,0.19485152745139928,0,False,1,Right
1025,1.0,0.19485152745139928,0,False,1,Right
1026,1.0,0.19846186712240974,0,False,1,Right
1027,1.0,0.2020722067934202,0,False,1,Right
1028,0.08246101260414442,0.2020722067934202,0,False,1,Right
1029,0.0,0.19846186712240974,0,False,1,Right
1030,0.0,0.19846186712240974,0,False,1,Right
1031,0.0,0.22011322367015593,0,False,1,Right
1032,0.2577288125247963,0.22011322367015593,0,False,1,Right
1033,0.05154576250495926,0.22011322367015593,0,False,1,Right
1034,0.41236610003967406,0.22372356334116641,0,False,1,Right
1035,0.28864406262398146,0.22372356334116641,0,False,1,Right
1036,0.0,0.22011322367015593,0,False,1,Right
1037,0.0,0.22372356334116641,0,False,1,Right
1038,0.12369151890621662,0.22011322367015593,0,False,1,Right
1039,0.22678304391613513,0.22011322367015593,0,False,1,Right
1040,0.2164983062227241,0.22011322367015593,0,False,1,Right
1041,0.22678304391613513,0.22011322367015593,0,False,1,Right
1042,0.45359660634174626,0.22011322367015593,0,False,1,Right
1043,0.793816949980163,0.22011322367015593,0,False,1,Right
1044,0.7319559312723166,0.22372356334116641,0,False,1,Right
1045,0.7319559312723166,0.22011322367015593,0,False,1,Right
1046,0.7525864436780908,0.22372356334116641,0,False,1,Right
1047,0.7525864436780908,0.22011322367015593,0,False,1,Right
1048,0.7422711874752037,0.22011322367015593,0,False,1,Right
1049,0.0,0.22011322367015593,0,False,1,Right
1050,0.0,0.22372356334116641,0,False,1,Right
1051,0.0,0.22011322367015593,0,False,1,Right
1052,0.020599993896298106,0.22733390301217685,0,False,1,Right
1053,0.2783288064210944,0.26341593676564834,0,False,1,Right
1054,0.5566881313516648,0.26341593676564834,0,False,1,Right
1055,0.41236610003967406,0.2670262764366588,0,False,1,Right
1056,0.41236610003967406,0.2670262764366588,0,False,1,Right
1057,0.4329966124454482,0.2670262764366588,0,False,1,Right
1058,0.28864406262398146,0.2670262764366588,0,False,1,Right
1059,0.0,0.2670262764366588,0,False,1,Right
1060,0.0,0.288677632984405,0,False,1,Right
1061,0.0,0.32114932706686605,0,False,1,Right
1062,0.0,0.31753898739585557,0,False,1,Right
1063,0.0,0.32114932706686605,0,False,1,Right
1064,0.0,0.32114932706686605,0,False,1,Right
1065,0.0,0.31753898739585557,0,False,1,Right
1066,0.0,0.33919034394360176,0,False,1,Right
1067,0.0,0.3464110232856227,0,False,1,Right
1068,0.0,0.3500106814783166,0,False,1,Right
1069,0.0,0.3500106814783166,0,False,1,Right
1070,0.0,0.3500106814783166,0,False,1,Right
1071,0.0,0.3500106814783166,0,False,1,Right
1072,0.0,0.3500106814783166,0,False,1,Right
1073,0.0,0.3500106814783166,0,False,1,Right
1074,0.0,0.3500106814783166,0,False,1,Right
1075,0.0,0.3500106814783166,0,False,1,Right
1076,0.0,0.3500106814783166,0,False,1,Right
1077,0.0,0.3500106814783166,0,False,1,Right
1078,0.0,0.3500106814783166,0,False,1,Right
1079,0.0,0.3500106814783166,0,False,1,Right
1080,0.0,0.3500106814783166,0,False,1,Right
1081,-0.020630512405774102,0.3500106814783166,0,False,1,Right
1082,-0.09280678731650746,0.3500106814783166,0,False,1,Right
1083,-0.16498306222724082,0.3500106814783166,0,False,1,Right
1084,-0.24744407483138522,0.3500106814783166,0,False,1,Right
1085,0.0,0.3500106814783166,0,False,1,Right
1086,0.0,0.3500106814783166,0,False,1,Right
1087,0.0,0.3500106814783166,0,False,1,Right
1088,0.0,0.3500106814783166,0,False,1,Right
1089,0.0,0.3500106814783166,0,False,1,Right
1090,0.0,0.3500106814783166,0,False,1,Right
1091,0.04123050630207221,0.3500106814783166,0,False,1,Right
1092,0.13400677510910367,0.3500106814783166,0,False,1,Right
1093,0.18555253761406293,0.3500106814783166,0,False,1,Right
1094,0.18555253761406293,0.3500106814783166,0,False,1,Right
1095,0.19586779381695,0.3500106814783166,0,False,1,Right
1096,0.19586779381695,0.3500106814783166,0,False,1,Right
1097,0.20618305001983703,0.3500106814783166,0,False,1,Right
1098,0.37113559373760185,0.3500106814783166,0,False,1,Right
1099,0.4742271187475204,0.3500106814783166,0,False,1,Right
1100,0.4845423749504074,0.3500106814783166,0,False,1,Right
1101,0.4845423749504074,0.3500106814783166,0,False,1,Right
1102,0.4845423749504074,0.3500106814783166,0,False,1,Right
1103,0.4845423749504074,0.3500106814783166,0,False,1,Right
1104,0.4742271187475204,0.3500106814783166,0,False,1,Right
1105,0.4742271187475204,0.3500106814783166,0,False,1,Right
1106,0.4329966124454482,0.3500106814783166,0,False,1,Right
1107,0.402050843836787,0.3500106814783166,0,False,1,Right
1108,0.402050843836787,0.3500106814783166,0,False,1,Right
1109,0.402050843836787,0.3500106814783166,0,False,1,Right
1110,0.402050843836787,0.3500106814783166,0,False,1,Right
1111,0.3917355876339,0.3500106814783166,0,False,1,Right
1112,0.17523728141117587,0.3500106814783166,0,False,1,Right
1113,0.16495254371776483,0.3500106814783166,0,False,1,Right
1114,0.0,0.3500106814783166,0,False,1,Right
1115,0.0,0.3500106814783166,0,False,1,Right
1116,0.0,0.3500106814783166,0,False,1,Right
1117,0.0,0.3500106814783166,0,False,1,Right
1118,0.0,0.3500106814783166,0,False,1,Right
1119,0.0,0.3500106814783166,0,False,1,Right
1120,0.0,0.3500106814783166,0,False,1,Right
1121,0.0,0.3500106814783166,0,False,1,Right
1122,0.0,0.3500106814783166,0,False,1,Right
1123,0.0,0.3500106814783166,0,False,1,Right
1124,0.06183050019837031,0.3500106814783166,0,False,1,Right
1125,0.11337626270332957,0.3500106814783166,0,False,1,Right
1126,0.11337626270332957,0.3500106814783166,0,False,1,Right
1127,0.18555253761406293,0.3500106814783166,0,False,1,Right
1128,0.20618305001983703,0.3500106814783166,0,False,1,Right
1129,0.2164983062227241,0.3500106814783166,0,False,1,Right
1130,0.0,0.3500106814783166,0,False,1,Right
1131,0.0,0.3500106814783166,0,False,1,Right
1132,0.0,0.3500106814783166,0,False,1,Right
1133,0.0,0.3500106814783166,0,False,1,Right
1134,0.0,0.3500106814783166,0,False,1,Right
1135,0.3092745750297555,0.3500106814783166,0,False,1,Right
1136,0.4433118686483352,0.3500106814783166,0,False,1,Right
1137,0.4329966124454482,0.3500106814783166,0,False,1,Right
1138,0.2680440687276833,0.3500106814783166,0,False,1,Right
1139,0.24741355632190923,0.3500106814783166,0,False,1,Right
1140,0.3608203375347148,0.3500106814783166,0,False,1,Right
1141,0.4742271187475204,0.3500106814783166,0,False,1,Right
1142,0.5773186437574389,0.3500106814783166,0,False,1,Right
1143,0.597949156163213,0.3500106814783166,0,False,1,Right
1144,0.5876338999603259,0.3500106814783166,0,False,1,Right
1145,0.4329966124454482,0.3500106814783166,0,False,1,Right
1146,0.3814508499404889,0.3500106814783166,0,False,1,Right
1147,0.3195898312326426,0.3500106814783166,0,False,1,Right
1148,0.19586779381695,0.3500106814783166,0,False,1,Right
1149,0.19586779381695,0.3500106814783166,0,False,1,Right
1150,0.0,0.3500106814783166,0,False,1,Right
1151,0.0,0.3500106814783166,0,False,1,Right
1152,0.0,0.3500106814783166,0,False,1,Right
1153,0.28864406262398146,0.3500106814783166,0,False,1,Right
1154,0.3814508499404889,0.3500106814783166,0,False,1,Right
1155,0.4226813562425611,0.3500106814783166,0,False,1,Right
1156,0.0,0,0,False,1,Right
1157,0.3917355876339,0.09742576372569964,0,False,1,Right
1158,0.8350474562822352,0.1335184789574877,0,False,1,Right
1159,1.0,0.1371181371501816,0,False,1,Right
1160,1.0,0.1335184789574877,0,False,1,Right
1161,1.0,0.1335184789574877,0,False,1,Right
1162,1.0,0.1335184789574877,0,False,1,Right
1163,1.0,0.1371181371501816,0,False,1,Right
1164,1.0,0.1335184789574877,0,False,1,Right
1165,1.0,0.1371181371501816,0,False,1,Right
1166,1.0,0.1371181371501816,0,False,1,Right
1167,1.0,0.1335184789574877,0,False,1,Right
1168,1.0,0.12990813928647724,0,False,1,Right
1169,1.0,0.1335184789574877,0,False,1,Right
1170,1.0,0.0902157658619953,0,False,1,Right
1171,0.0,0,0,False,1,Right
1172,0.0,0.10464644306772057,0,False,1,Left
1173,-0.18558305612353893,0.12268745994445629,0,False,1,Left
1174,-0.2165288247322001,0.12990813928647724,0,False,1,Left
1175,-0.2989898373363445,0.12990813928647724,0,False,1,Left
1176,-0.3505355998413037,0.12990813928647724,0,False,1,Left
1177,-0.6392101809747612,0.1335184789574877,0,False,1,Left
1178,-0.6392101809747612,0.12990813928647724,0,False,1,Left
1179,-0.6288949247718741,0.15155949583422346,0,False,1,Left
1180,-0.6392101809747612,0.15516983550523392,0,False,1,Left
1181,-0.6495254371776482,0.15876949369792778,0,False,1,Left
1182,-0.6392101809747612,0.2020722067934202,0,False,1,Left
1183,-0.7217017120883816,0.20568254646443065,0,False,1,Left
1184,-0.7113864558854945,0.20568254646443065,0,False,1,Left
1185,-0.7217017120883816,0.20568254646443065,0,False,1,Left
1186,-0.7217017120883816,0.20568254646443065,0,False,1,Left
1187,-0.5773491622669149,0.20568254646443065,0,False,1,Left
1188,-0.5670339060640278,0.20568254646443065,0,False,1,Left
1189,0.0,0.20568254646443065,0,False,1,Left
1190,0.0,0.20568254646443065,0,False,1,Left
1191,0.0,0.2020722067934202,0,False,1,Left
1192,0.0,0.20568254646443065,0,False,1,Left
1193,0.0,0.20568254646443065,0,False,1,Left
1194,0.0,0.24898525955992307,0,False,1,Left
1195,0.0,0.24898525955992307,0,False,1,Left
1196,0.0,0.24898525955992307,0,False,1,Left
1197,-0.11340678121280556,0.24898525955992307,0,False,1,Left
1198,-0.12372203741569261,0.2742362743003632,0,False,1,Left
1199,-0.22681356242561113,0.2850672933133946,0,False,1,Left
1200,-0.2165288247322001,0.2850672933133946,0,False,1,Left
1201,-0.3608508560441908,0.288677632984405,0,False,1,Left
1202,-0.4742576372569964,0.2922772911770989,0,False,1,Left
1203,-0.597979674672689,0.288677632984405,0,False,1,Left
1204,-0.6392101809747612,0.288677632984405,0,False,1,Left
1205,-0.6392101809747612,0.288677632984405,0,False,1,Left
1206,-0.6392101809747612,0.2922772911770989,0,False,1,Left
1207,-0.6495254371776482,0.2922772911770989,0,False,1,Left
1208,-0.6392101809747612,0.288677632984405,0,False,1,Left
1209,-0.6598406933805353,0.288677632984405,0,False,1,Left
1210,-0.7217017120883816,0.288677632984405,0,False,1,Left
1211,-0.7319864497817926,0.288677632984405,0,False,1,Left
1212,-0.7319864497817926,0.2922772911770989,0,False,1,Left
1213,0.0,0.288677632984405,0,False,1,Left
1214,-0.041261024811548204,0.2922772911770989,0,False,1,Left
1215,-0.3608508560441908,0.288677632984405,0,False,1,Left
1216,-0.37116611224707785,0.288677632984405,0,False,1,Left
1217,-0.020630512405774102,0.288677632984405,0,False,1,Left
1218,-0.41239661854915005,0.288677632984405,0,False,1,Left
1219,-0.46394238105410934,0.288677632984405,0,False,1,Left
1220,-0.46394238105410934,0.2922772911770989,0,False,1,Left
1221,-0.5051728873561815,0.288677632984405,0,False,1,Left
1222,-0.5051728873561815,0.288677632984405,0,False,1,Left
1223,-0.5051728873561815,0.288677632984405,0,False,1,Left
1224,-0.5051728873561815,0.2922772911770989,0,False,1,Left
1225,-0.5154881435590686,0.288677632984405,0,False,1,Left
1226,-0.5258033997619557,0.2922772911770989,0,False,1,Left
1227,-0.5258033997619557,0.2922772911770989,0,False,1,Left
1228,-0.5361186559648426,0.2922772911770989,0,False,1,Left
1229,-0.5876644184698019,0.2994979705191198,0,False,1,Left
1230,-0.5876644184698019,0.2994979705191198,0,False,1,Left
1231,-0.597979674672689,0.3031083101901303,0,False,1,Left
1232,-0.5876644184698019,0.2994979705191198,0,False,1,Left
1233,-0.597979674672689,0.3031083101901303,0,False,1,Left
1234,-0.2989898373363445,0.3031083101901303,0,False,1,Left
1235,-0.2577593310342723,0.3067186498611407,0,False,1,Left
1236,-0.22681356242561113,0.33919034394360176,0,False,1,Left
1237,-0.2371288186284982,0.33919034394360176,0,False,1,Left
1238,-0.24744407483138522,0.34280068361461224,0,False,1,Left
1239,0.0,0.33919034394360176,0,False,1,Left
1240,0.0,0.34280068361461224,0,False,1,Left
1241,0.0,0.33919034394360176,0,False,1,Left
1242,0.10309152500991851,0.33919034394360176,0,False,1,Left
1243,0.0,0.34280068361461224,0,False,1,Left
1244,0.0,0.33919034394360176,0,False,1,Left
1245,-0.402081362346263,0.34280068361461224,0,False,1,Left
1246,-0.4742576372569964,0.34280068361461224,0,False,1,Left
1247,-0.9072542497024445,0.33919034394360176,0,False,1,Left
1248,-0.9278847621082187,0.33919034394360176,0,False,1,Left
1249,-0.9175695059053316,0.33919034394360176,0,False,1,Left
1250,-0.5567186498611408,0.34280068361461224,0,False,1,Left
1251,0.0,0.33919034394360176,0,False,1,Left
1252,0.0,0.33919034394360176,0,False,1,Left
1253,-0.3505355998413037,0.33919034394360176,0,False,1,Left
1254,-0.5876644184698019,0.33919034394360176,0,False,1,Left
1255,-0.597979674672689,0.33919034394360176,0,False,1,Left
1256,-0.597979674672689,0.34280068361461224,0,False,1,Left
1257,0.0,0.33919034394360176,0,False,1,Left
1258,-0.041261024811548204,0.34280068361461224,0,False,1,Left
1259,-0.5258033997619557,0.33919034394360176,0,False,1,Left
1260,-0.618579668568987,0.33919034394360176,0,False,1,Left
1261,-0.6288949247718741,0.33919034394360176,0,False,1,Left
1262,-0.5670339060640278,0.33919034394360176,0,False,1,Left
1263,-0.5773491622669149,0.34280068361461224,0,False,1,Left
1264,-0.5670339060640278,0.34280068361461224,0,False,1,Left
1265,-0.5773491622669149,0.33919034394360176,0,False,1,Left
1266,-0.5773491622669149,0.33919034394360176,0,False,1,Left
1267,-0.5773491622669149,0.34280068361461224,0,False,1,Left
1268,-0.5670339060640278,0.34280068361461224,0,False,1,Left
1269,-0.5773491622669149,0.33919034394360176,0,False,1,Left
1270,-0.5773491622669149,0.33919034394360176,0,False,1,Left
1271,-0.5773491622669149,0.33919034394360176,0,False,1,Left
1272,-0.5773491622669149,0.33919034394360176,0,False,1,Left
1273,0.0,0.34280068361461224,0,False,1,Left
1274,0.0,0.33919034394360176,0,False,1,Left
1275,0.45359660634174626,0.34280068361461224,0,False,1,Left
1276,0.0,0.32475966673787654,0,False,1,Left
1277,0.0,0.2922772911770989,0,False,1,Left
1278,0.0,0.2922772911770989,0,False,1,Left
1279,0.0,0.2958876308481093,0,False,1,Left
1280,0.0,0.2958876308481093,0,False,1,Right
1281,0.0,0.2922772911770989,0,False,1,Right
1282,0.0,0.2670262764366588,0,False,1,Right
1283,0.5360881374553667,0.2670262764366588,0,False,1,Right
1284,0.9278542435987427,0.27063661610766926,0,False,1,Right
1285,0.9794000061037019,0.2670262764366588,0,False,1,Right
1286,1.0,0.24537491988891258,0,False,1,Right
1287,1.0,0.22733390301217685,0,False,1,Right
1288,1.0,0.22733390301217685,0,False,1,Right
1289,1.0,0.22733390301217685,0,False,1,Right
1290,1.0,0.22733390301217685,0,False,1,Right
1291,1.0,0.22733390301217685,0,False,1,Right
1292,1.0,0.22733390301217685,0,False,1,Right
1293,0.0,0.22733390301217685,0,False,1,Right
1294,0.0,0.22372356334116641,0,False,1,Right
1295,0.17523728141117587,0.22733390301217685,0,False,1,Right
1296,1.0,0.22733390301217685,0,False,1,Right
1297,1.0,0.22372356334116641,0,False,1,Right
1298,0.814447462385937,0.22733390301217685,0,False,1,Right
1299,0.814447462385937,0.22733390301217685,0,False,1,Right
1300,0.9381694998016297,0.22733390301217685,0,False,1,Right
1301,0.9897152623065889,0.22372356334116641,0,False,1,Right
1302,1.0,0.22733390301217685,0,False,1,Right
1303,0.28864406262398146,0.22733390301217685,0,False,1,Right
1304,0.0,0.23815424054689166,0,False,1,Right
1305,0.5876338999603259,0.26341593676564834,0,False,1,Right
1306,0.05154576250495926,0.26341593676564834,0,False,1,Right
1307,0.9278542435987427,0.26341593676564834,0,False,1,Right
1308,0.0,0.26341593676564834,0,False,1,Right
1309,0.0,0.26341593676564834,0,False,1,Right
1310,0.2577288125247963,0.288677632984405,0,False,1,Right
1311,0.0,0.288677632984405,0,False,1,Right
1312,0.0,0.2922772911770989,0,False,1,Right
1313,0.0,0.3103289895321512,0,False,1,Right
1314,0.0,0.32475966673787654,0,False,1,Right
1315,0.0,0.32837000640888697,0,False,1,Right
1316,0.0,0.32837000640888697,0,False,1,Right
1317,0.13400677510910367,0.32837000640888697,0,False,1,Right
1318,0.597949156163213,0.32837000640888697,0,False,1,Right
1319,0.793816949980163,0.32837000640888697,0,False,1,Right
1320,0.7010406811731315,0.32837000640888697,0,False,1,Right
1321,0.6907254249702445,0.32837000640888697,0,False,1,Right
1322,0.7732169560838649,0.33196966460158084,0,False,1,Right
1323,0.9381694998016297,0.33196966460158084,0,False,1,Right
1324,1.0,0.32837000640888697,0,False,1,Right
1325,1.0,0.33196966460158084,0,False,1,Right
1326,1.0,0.33196966460158084,0,False,1,Right
1327,0.7422711874752037,0.33196966460158084,0,False,1,Right
1328,0.0,0.33196966460158084,0,False,1,Right
1329,0.0,0.33196966460158084,0,False,1,Right
1330,0.0,0.33196966460158084,0,False,1,Right
1331,0.0,0.33196966460158084,0,False,1,Right
1332,0.5566881313516648,0.33196966460158084,0,False,1,Right
1333,1.0,0.33196966460158084,0,False,1,Right
1334,1.0,0.33196966460158084,0,False,1,Right
1335,1.0,0.33196966460158084,0,False,1,Right
1336,1.0,0.32837000640888697,0,False,1,Right
1337,1.0,0.33196966460158084,0,False,1,Right
1338,1.0,0.33196966460158084,0,False,1,Right
1339,1.0,0.33196966460158084,0,False,1,Right
1340,0.7010406811731315,0.33196966460158084,0,False,1,Right
1341,0.0,0.33196966460158084,0,False,1,Right
1342,-0.6392101809747612,0.33196966460158084,0,False,1,Right
1343,0.0,0.33196966460158084,0,False,1,Right
1344,-0.8144779808954131,0.33196966460158084,0,False,1,Right
1345,0.0,0.33196966460158084,0,False,1,Right
1346,0.0,0.33196966460158084,0,False,1,Right
1347,0.0,0.33196966460158084,0,False,1,Right
1348,0.28864406262398146,0.33196966460158084,0,False,1,Right
1349,0.597949156163213,0.33196966460158084,0,False,1,Right
1350,0.9587694936979277,0.33196966460158084,0,False,1,Right
1351,1.0,0.33196966460158084,0,False,1,Right
1352,1.0,0.33196966460158084,0,False,1,Right
1353,1.0,0.33196966460158084,0,False,1,Right
1354,1.0,0.33196966460158084,0,False,1,Right
1355,0.5360881374553667,0.33196966460158084,0,False,1,Right
1356,0.0,0.32837000640888697,0,False,1,Right
1357,0.0,0.32837000640888697,0,False,1,Right
1358,0.6907254249702445,0.33196966460158084,0,False,1,Right
1359,0.8969084749900815,0.32837000640888697,0,False,1,Right
1360,0.06183050019837031,0.32837000640888697,0,False,1,Right
1361,0.6082644123661001,0.33196966460158084,0,False,1,Right
1362,1.0,0.32837000640888697,0,False,1,Right
1363,1.0,0.32837000640888697,0,False,1,Right
1364,1.0,0.33196966460158084,0,False,1,Right
1365,1.0,0.2958876308481093,0,False,1,Right
1366,1.0,0.2958876308481093,0,False,1,Right
1367,1.0,0.2958876308481093,0,False,1,Right
1368,1.0,0.2958876308481093,0,False,1,Right
1369,1.0,0.2958876308481093,0,False,1,Right
1370,0.0,0.2958876308481093,0,False,1,Right
1371,0.0,0.2958876308481093,0,False,1,Right
1372,0.0,0.2958876308481093,0,False,1,Right
1373,0.0,0.2958876308481093,0,False,1,Right
1374,0.0,0.2958876308481093,0,False,1,Right
1375,0.0,0.2922772911770989,0,False,1,Forwards
1376,0.0,0.2958876308481093,0,False,1,Forwards
1377,0.0,0.2958876308481093,0,False,1,Forwards
1378,-1.000030518509476,0.2922772911770989,0,False,1,Forwards
1379,0.0,0.2958876308481093,0,False,1,Forwards
1380,0.0,0.2958876308481093,0,False,1,Forwards
1381,0.783501693777276,0.2958876308481093,0,False,1,Forwards
1382,1.0,0.2958876308481093,0,False,1,Forwards
1383,1.0,0.2958876308481093,0,False,1,Forwards
1384,1.0,0.2958876308481093,0,False,1,Forwards
1385,1.0,0.2958876308481093,0,False,1,Forwards
1386,1.0,0.2958876308481093,0,False,1,Forwards
1387,1.0,0.2922772911770989,0,False,1,Forwards
1388,1.0,0.2922772911770989,0,False,1,Forwards
1389,1.0,0.2958876308481093,0,False,1,Forwards
1390,0.0,0.2922772911770989,0,False,1,Forwards
1391,0.0,0.2922772911770989,0,False,1,Forwards
1392,0.5773186437574389,0.2922772911770989,0,False,1,Forwards
1393,0.0,0.2958876308481093,0,False,1,Forwards
1394,0.7216711935789056,0.2958876308481093,0,False,1,Forwards
1395,0.0,0.2922772911770989,0,False,1,Forwards
1396,0.0,0.2958876308481093,0,False,1,Forwards
1397,0.0,0.2958876308481093,0,False,1,Forwards
1398,0.0,0.2958876308481093,0,False,1,Forwards
1399,0.0,0.2922772911770989,0,False,1,Forwards
1400,0.0,0.33196966460158084,0,False,1,Forwards
1401,0.0,0.33558000427259127,0,False,1,Forwards
1402,0.0,0.33558000427259127,0,False,1,Forwards
1403,0.0,0.33558000427259127,0,False,1,Forwards
1404,0.0,0.33558000427259127,0,False,1,Forwards
1405,0.0,0.33558000427259127,0,False,1,Forwards
1406,0.0,0.33558000427259127,0,False,1,Forwards
1407,0.0,0.33558000427259127,0,False,1,Forwards
1408,0.0,0.33196966460158084,0,False,1,Forwards
1409,0.0,0.33558000427259127,0,False,1,Forwards
1410,-0.13403729361857966,0.33558000427259127,0,False,1,Forwards
1411,-0.18558305612353893,0.33196966460158084,0,False,1,Forwards
1412,-0.5051728873561815,0.33558000427259127,0,False,1,Forwards
1413,-0.5154881435590686,0.33558000427259127,0,False,1,Forwards
1414,-0.5154881435590686,0.33196966460158084,0,False,1,Forwards
1415,-0.5051728873561815,0.33558000427259127,0,False,1,Forwards
1416,-0.5051728873561815,0.33558000427259127,0,False,1,Forwards
1417,-0.9278847621082187,0.33558000427259127,0,False,1,Forwards
1418,-0.9175695059053316,0.33558000427259127,0,False,1,Forwards
1419,-0.9175695059053316,0.33558000427259127,0,False,1,Forwards
1420,-0.9072542497024445,0.33558000427259127,0,False,1,Forwards
1421,-0.9072542497024445,0.33558000427259127,0,False,1,Forwards
1422,-0.6392101809747612,0.33558000427259127,0,False,1,Forwards
1423,-0.46394238105410934,0.33558000427259127,0,False,1,Forwards
1424,-0.28867458113345745,0.33558000427259127,0,False,1,Forwards
1425,0.0,0.33558000427259127,0,False,1,Forwards
1426,0.0,0.33558000427259127,0,False,1,Forwards
1427,0.0,0.33558000427259127,0,False,1,Forwards
1428,0.0,0.33558000427259127,0,False,1,Forwards
1429,0.0,0.3500106814783166,0,False,1,Forwards
1430,0.0,0.3500106814783166,0,False,1,Forwards
1431,0.0,0.3500106814783166,0,False,1,Forwards
1432,0.0,0.3500106814783166,0,False,1,Forwards
1433,-0.17526779992065186,0.3500106814783166,0,False,1,Forwards
1434,-0.4330271309549242,0.3500106814783166,0,False,1,Forwards
1435,-0.618579668568987,0.3500106814783166,0,False,1,Forwards
1436,-0.6288949247718741,0.3500106814783166,0,False,1,Forwards
1437,-0.6288949247718741,0.3500106814783166,0,False,1,Forwards
1438,0.0,0.3500106814783166,0,False,1,Forwards
1439,0.0,0.3500106814783166,0,False,1,Forwards
1440,0.0,0.3500106814783166,0,False,1,Forwards
1441,-0.3402203436384167,0.3500106814783166,0,False,1,Forwards
1442,-0.4330271309549242,0.3500106814783166,0,False,1,Forwards
1443,-0.3505355998413037,0.3500106814783166,0,False,1,Forwards
1444,-0.12372203741569261,0.3500106814783166,0,False,1,Forwards
1445,-0.09280678731650746,0.3500106814783166,0,False,1,Forwards
1446,-0.10312204351939451,0.3500106814783166,0,False,1,Forwards
1447,-0.10312204351939451,0.3500106814783166,0,False,1,Forwards
1448,-0.09280678731650746,0.3500106814783166,0,False,1,Forwards
1449,-0.10312204351939451,0.3500106814783166,0,False,1,Forwards
1450,-0.09280678731650746,0.3500106814783166,0,False,1,Forwards
1451,-0.09280678731650746,0.3500106814783166,0,False,1,Forwards
1452,-0.09280678731650746,0.3500106814783166,0,False,1,Forwards
1453,-0.09280678731650746,0.3500106814783166,0,False,1,Forwards
1454,-0.10312204351939451,0.3500106814783166,0,False,1,Forwards
1455,-0.09280678731650746,0.3500106814783166,0,False,1,Forwards
1456,-0.09280678731650746,0.3500106814783166,0,False,1,Forwards
1457,-0.09280678731650746,0.3500106814783166,0,False,1,Forwards
1458,-0.09280678731650746,0.3500106814783166,0,False,1,Forwards
1459,-0.09280678731650746,0.3500106814783166,0,False,1,Forwards
1460,-0.09280678731650746,0.3500106814783166,0,False,1,Forwards
1461,-0.09280678731650746,0.3500106814783166,0,False,1,Forwards
1462,-0.09280678731650746,0.3500106814783166,0,False,1,Forwards
1463,-0.09280678731650746,0.3500106814783166,0,False,1,Forwards
1464,-0.09280678731650746,0.3500106814783166,0,False,1,Forwards
1465,-0.09280678731650746,0.3500106814783166,0,False,1,Forwards
1466,-0.09280678731650746,0.3500106814783166,0,False,1,Forwards
1467,-0.10312204351939451,0.3500106814783166,0,False,1,Forwards
1468,-0.09280678731650746,0.3500106814783166,0,False,1,Forwards
1469,-0.09280678731650746,0.3500106814783166,0,False,1,Forwards
1470,-0.09280678731650746,0.3500106814783166,0,False,1,Forwards
1471,-0.16498306222724082,0.3500106814783166,0,False,1,Forwards
1472,-0.16498306222724082,0.3500106814783166,0,False,1,Forwards
1473,-0.17526779992065186,0.3500106814783166,0,False,1,Forwards
1474,-0.17526779992065186,0.3500106814783166,0,False,1,Forwards
1475,-0.17526779992065186,0.3500106814783166,0,False,1,Forwards
1476,-0.17526779992065186,0.3500106814783166,0,False,1,Forwards
1477,-0.17526779992065186,0.3500106814783166,0,False,1,Forwards
1478,-0.2783593249305704,0.3500106814783166,0,False,1,Forwards
1479,-0.28867458113345745,0.3500106814783166,0,False,1,Forwards
1480,-0.28867458113345745,0.3500106814783166,0,False,1,Forwards
1481,-0.49488814966277045,0.3500106814783166,0,False,1,Forwards
1482,-0.5464339121677297,0.3500106814783166,0,False,1,Forwards
1483,-0.5464339121677297,0.3500106814783166,0,False,1,Forwards
1484,-0.5361186559648426,0.3500106814783166,0,False,1,Forwards
1485,-0.46394238105410934,0.3500106814783166,0,False,1,Forwards
1486,-0.4227118747520371,0.3500106814783166,0,False,1,Forwards
1487,-0.24744407483138522,0.3500106814783166,0,False,1,Forwards
1488,-0.10312204351939451,0.3500106814783166,0,False,1,Forwards
1489,0.0,0.3500106814783166,0,False,1,Forwards
1490,0.0,0.3500106814783166,0,False,1,Forwards
1491,0.0,0.3500106814783166,0,False,1,Forwards
1492,0.0,0.3500106814783166,0,False,1,Forwards
1493,0.0,0.3500106814783166,0,False,1,Forwards
1494,-0.11340678121280556,0.3500106814783166,0,False,1,Forwards
1495,-0.10312204351939451,0.3500106814783166,0,False,1,Forwards
1496,-0.08249153111362041,0.3500106814783166,0,False,1,Forwards
1497,0.0,0.3500106814783166,0,False,1,Forwards
1498,0.0,0.3500106814783166,0,False,1,Forwards
1499,0.0,0.3500106814783166,0,False,1,Forwards
1500,0.0,0.3500106814783166,0,False,1,Forwards
1501,-0.07217627491073336,0.3500106814783166,0,False,1,Forwards
1502,0.0,0.3500106814783166,0,False,1,Forwards
1503,0.0,0.3500106814783166,0,False,1,Forwards
1504,0.0,0.3500106814783166,0,False,1,Forwards
1505,0.0,0.3500106814783166,0,False,1,Forwards
1506,-0.13403729361857966,0.3500106814783166,0,False,1,Forwards
1507,-0.2165288247322001,0.3500106814783166,0,False,1,Forwards
1508,-0.20621356852931302,0.3500106814783166,0,False,1,Forwards
1509,-0.08249153111362041,0.3500106814783166,0,False,1,Forwards
1510,0.0,0.3500106814783166,0,False,1,Forwards
1511,0.0,0.3500106814783166,0,False,1,Forwards
1512,0.0,0.3500106814783166,0,False,1,Forwards
1513,0.0,0.3500106814783166,0,False,1,Forwards
1514,0.0,0.3500106814783166,0,False,1,Forwards
1515,0.0,0.3500106814783166,0,False,1,Forwards
1516,0.0,0.3500106814783166,0,False,1,Forwards
1517,0.07214575640125737,0.3500106814783166,0,False,1,Forwards
1518,0.46391186254463335,0.3500106814783166,0,False,1,Forwards
1519,0.4845423749504074,0.3500106814783166,0,False,1,Forwards
1520,0.45359660634174626,0.3500106814783166,0,False,1,Forwards
1521,0.0,0.3500106814783166,0,False,1,Forwards
1522,0.0,0.3500106814783166,0,False,1,Forwards
1523,0.0,0.3500106814783166,0,False,1,Forwards
1524,-0.20621356852931302,0.3500106814783166,0,False,1,Forwards
1525,-0.2989898373363445,0.3500106814783166,0,False,1,Forwards
1526,-0.3196203497421186,0.3500106814783166,0,False,1,Forwards
1527,-0.3196203497421186,0.3500106814783166,0,False,1,Forwards
1528,-0.3196203497421186,0.3500106814783166,0,False,1,Forwards
1529,-0.5154881435590686,0.3500106814783166,0,False,1,Forwards
1530,-0.5464339121677297,0.3500106814783166,0,False,1,Forwards
1531,-0.5464339121677297,0.3500106814783166,0,False,1,Forwards
1532,-0.2165288247322001,0.3500106814783166,0,False,1,Forwards
1533,-0.09280678731650746,0.3500106814783166,0,False,1,Forwards
1534,-0.2165288247322001,0.3500106814783166,0,False,1,Forwards
1535,-0.4330271309549242,0.3500106814783166,0,False,1,Forwards
1536,-0.5361186559648426,0.3500106814783166,0,False,1,Forwards
1537,-0.5361186559648426,0.3500106814783166,0,False,1,Forwards
1538,-0.5361186559648426,0.3500106814783166,0,False,1,Forwards
1539,-0.5258033997619557,0.3500106814783166,0,False,1,Forwards
1540,-0.5258033997619557,0.3500106814783166,0,False,1,Forwards
1541,-0.5154881435590686,0.3500106814783166,0,False,1,Forwards
1542,-0.2989898373363445,0.3500106814783166,0,False,1,Forwards
1543,0.0,0.3500106814783166,0,False,1,Forwards
1544,0.0,0.3500106814783166,0,False,1,Forwards
1545,0.0,0.3500106814783166,0,False,1,Forwards
1546,0.0,0.3500106814783166,0,False,1,Forwards
1547,0.0,0.3500106814783166,0,False,1,Forwards
1548,0.0,0.3500106814783166,0,False,1,Forwards
1549,-0.2680745872371593,0.3500106814783166,0,False,1,Forwards
1550,-0.804162724692526,0.3500106814783166,0,False,1,Forwards
1551,0.0,0.3500106814783166,0,False,1,Forwards
1552,0.0,0.3500106814783166,0,False,1,Forwards
1553,0.0,0.33558000427259127,0,False,1,Forwards
1554,0.0,0,0,False,1,Forwards
1555,0.0,0,1.0,False,1,Forwards
1556,0.0,0.18764152958769492,0,False,1,Forwards
1557,0.0,0.23454390087588123,0,False,1,Forwards
1558,0.0,0.23454390087588123,0,False,1,Forwards
1559,0.0,0.23454390087588123,0,False,1,Forwards
1560,0.0,0.23454390087588123,0,False,1,Forwards
1561,0.17523728141117587,0.23454390087588123,0,False,1,Forwards
1562,0.2164983062227241,0.23454390087588123,0,False,1,Forwards
1563,0.14432203131199073,0.23815424054689166,0,False,1,Forwards
1564,0.0,0.2742362743003632,0,False,1,Forwards
1565,0.0,0.288677632984405,0,False,1,Forwards
1566,0.0,0.288677632984405,0,False,1,Forwards
1567,0.0,0.288677632984405,0,False,1,Forwards
1568,0.0,0.288677632984405,0,False,1,Forwards
1569,0.0,0.2922772911770989,0,False,1,Forwards
1570,0.0,0.2958876308481093,0,False,1,Forwards
1571,0.4845423749504074,0.2958876308481093,0,False,1,Forwards
1572,0.0,0.2958876308481093,0,False,1,Forwards
1573,0.0,0.2922772911770989,0,False,1,Forwards
1574,0.0,0.3067186498611407,0,False,1,Forwards
1575,0.0,0.34280068361461224,0,False,1,Forwards
1576,0.0,0.34280068361461224,0,False,1,Forwards
1577,0.0,0.3464110232856227,0,False,1,Forwards
1578,-0.18558305612353893,0.3464110232856227,0,False,1,Forwards
1579,-0.597979674672689,0.3464110232856227,0,False,1,Forwards
1580,-0.618579668568987,0.3464110232856227,0,False,1,Forwards
1581,-0.618579668568987,0.34280068361461224,0,False,1,Forwards
1582,-0.3608508560441908,0.34280068361461224,0,False,1,Forwards
1583,-0.2577593310342723,0.34280068361461224,0,False,1,Forwards
1584,-0.45362712485122225,0.34280068361461224,0,False,1,Forwards
1585,-0.6495254371776482,0.34280068361461224,0,False,1,Forwards
1586,-0.6495254371776482,0.34280068361461224,0,False,1,Forwards
1587,-0.6598406933805353,0.34280068361461224,0,False,1,Forwards
1588,-0.6495254371776482,0.34280068361461224,0,False,1,Forwards
1589,-0.6598406933805353,0.34280068361461224,0,False,1,Forwards
1590,-0.6392101809747612,0.34280068361461224,0,False,1,Forwards
1591,-0.6495254371776482,0.34280068361461224,0,False,1,Forwards
1592,-0.28867458113345745,0.34280068361461224,0,False,1,Forwards
1593,0.0,0.34280068361461224,0,False,1,Forwards
1594,0.0,0.34280068361461224,0,False,1,Forwards
1595,0.0,0.34280068361461224,0,False,1,Forwards
1596,0.2164983062227241,0.34280068361461224,0,False,1,Forwards
1597,0.0,0.34280068361461224,0,False,1,Forwards
1598,0.0,0.34280068361461224,0,False,1,Forwards
1599,0.09277626880703146,0.34280068361461224,0,False,1,Forwards
1600,0.0,0.34280068361461224,0,False,1,Forwards
1601,0.0,0.34280068361461224,0,False,1,Forwards
1602,0.0,0.34280068361461224,0,False,1,Forwards
1603,0.14432203131199073,0.34280068361461224,0,False,1,Forwards
1604,0.28864406262398146,0.34280068361461224,0,False,1,Forwards
1605,0.0,0.34280068361461224,0,False,1,Forwards
1606,0.0,0.3464110232856227,0,False,1,Forwards
1607,-0.11340678121280556,0.34280068361461224,0,False,1,Forwards
1608,-0.12372203741569261,0.34280068361461224,0,False,1,Forwards
1609,0.0,0.34280068361461224,0,False,1,Forwards
1610,0.0,0.34280068361461224,0,False,1,Forwards
1611,0.0,0.34280068361461224,0,False,1,Forwards
1612,0.0,0.34280068361461224,0,False,1,Forwards
1613,0.0,0.34280068361461224,0,False,1,Forwards
1614,0.0,0.34280068361461224,0,False,1,Forwards
1615,0.0,0.34280068361461224,0,False,1,Forwards
1616,0.0,0.34280068361461224,0,False,1,Forwards
1617,0.0,0.3500106814783166,0,False,1,Forwards
1618,0.0,0.3500106814783166,0,False,1,Forwards
1619,0.0,0.3500106814783166,0,False,1,Forwards
1620,0.0,0.3500106814783166,0,False,1,Forwards
1621,0.0,0.3500106814783166,0,False,1,Forwards
1622,0.0,0.3500106814783166,0,False,1,Forwards
1623,0.0,0.3500106814783166,0,False,1,Forwards
1624,0.0,0.3500106814783166,0,False,1,Forwards
1625,-0.07217627491073336,0.3500106814783166,0,False,1,Forwards
1626,-0.10312204351939451,0.3500106814783166,0,False,1,Forwards
1627,-0.14435254982146672,0.3500106814783166,0,False,1,Forwards
1628,-0.14435254982146672,0.3500106814783166,0,False,1,Forwards
1629,-0.14435254982146672,0.3500106814783166,0,False,1,Forwards
1630,-0.16498306222724082,0.3500106814783166,0,False,1,Forwards
1631,-0.15466780602435376,0.3500106814783166,0,False,1,Forwards
1632,-0.16498306222724082,0.3500106814783166,0,False,1,Forwards
1633,-0.15466780602435376,0.3500106814783166,0,False,1,Forwards
1634,-0.15466780602435376,0.3500106814783166,0,False,1,Forwards
1635,-0.15466780602435376,0.3500106814783166,0,False,1,Forwards
1636,-0.15466780602435376,0.3500106814783166,0,False,1,Forwards
1637,-0.2680745872371593,0.3500106814783166,0,False,1,Forwards
1638,-0.2783593249305704,0.3500106814783166,0,False,1,Forwards
1639,-0.28867458113345745,0.3500106814783166,0,False,1,Forwards
1640,-0.2783593249305704,0.3500106814783166,0,False,1,Forwards
1641,-0.28867458113345745,0.3500106814783166,0,False,1,Forwards
1642,-0.3505355998413037,0.3500106814783166,0,False,1,Forwards
1643,-0.3608508560441908,0.3500106814783166,0,False,1,Forwards
1644,-0.3608508560441908,0.3500106814783166,0,False,1,Forwards
1645,-0.37116611224707785,0.3500106814783166,0,False,1,Forwards
1646,-0.2371288186284982,0.3500106814783166,0,False,1,Forwards
1647,-0.14435254982146672,0.3500106814783166,0,False,1,Forwards
1648,0.0,0.3500106814783166,0,False,1,Forwards
1649,0.0,0.3500106814783166,0,False,1,Forwards
1650,-0.07217627491073336,0.3500106814783166,0,False,1,Forwards
1651,-0.08249153111362041,0.3500106814783166,0,False,1,Forwards
1652,-0.07217627491073336,0.3500106814783166,0,False,1,Forwards
1653,-0.09280678731650746,0.3500106814783166,0,False,1,Forwards
1654,-0.2165288247322001,0.3500106814783166,0,False,1,Forwards
1655,-0.22681356242561113,0.3500106814783166,0,False,1,Forwards
1656,-0.22681356242561113,0.3500106814783166,0,False,1,Forwards
1657,0.0,0.3500106814783166,0,False,1,Forwards
1658,0.0,0.3500106814783166,0,False,1,Forwards
1659,0.0,0.3500106814783166,0,False,1,Forwards
1660,0.0,0.3500106814783166,0,False,1,Forwards
1661,-0.18558305612353893,0.3500106814783166,0,False,1,Forwards
1662,-0.2577593310342723,0.3500106814783166,0,False,1,Forwards
1663,0.0,0.3500106814783166,0,False,1,Forwards
1664,0.0,0.3500106814783166,0,False,1,Forwards
1665,0.0,0.3500106814783166,0,False,1,Forwards
1666,-0.07217627491073336,0.3500106814783166,0,False,1,Forwards
1667,-0.08249153111362041,0.3500106814783166,0,False,1,Forwards
1668,-0.08249153111362041,0.3500106814783166,0,False,1,Forwards
1669,-0.15466780602435376,0.3500106814783166,0,False,1,Forwards
1670,-0.2783593249305704,0.3500106814783166,0,False,1,Forwards
1671,-0.2783593249305704,0.3500106814783166,0,False,1,Forwards
1672,-0.28867458113345745,0.3500106814783166,0,False,1,Forwards
1673,-0.28867458113345745,0.3500106814783166,0,False,1,Forwards
1674,-0.28867458113345745,0.3500106814783166,0,False,1,Forwards
1675,-0.2783593249305704,0.3500106814783166,0,False,1,Forwards
1676,-0.28867458113345745,0.3500106814783166,0,False,1,Forwards
1677,-0.28867458113345745,0.3500106814783166,0,False,1,Forwards
1678,-0.28867458113345745,0.3500106814783166,0,False,1,Forwards
1679,-0.3505355998413037,0.3500106814783166,0,False,1,Forwards
1680,-0.3505355998413037,0.3500106814783166,0,False,1,Forwards
1681,-0.3505355998413037,0.3500106814783166,0,False,1,Forwards
1682,-0.3505355998413037,0.3500106814783166,0,False,1,Forwards
1683,-0.3505355998413037,0.3500106814783166,0,False,1,Forwards
1684,-0.3608508560441908,0.3500106814783166,0,False,1,Forwards
1685,-0.3608508560441908,0.3500106814783166,0,False,1,Forwards
1686,-0.3608508560441908,0.3500106814783166,0,False,1,Forwards
1687,-0.3505355998413037,0.3500106814783166,0,False,1,Forwards
1688,-0.3505355998413037,0.3500106814783166,0,False,1,Forwards
1689,0.0,0.3500106814783166,0,False,1,Forwards
1690,0.0,0.3500106814783166,0,False,1,Forwards
1691,0.0,0.3500106814783166,0,False,1,Forwards
1692,0.0,0.3500106814783166,0,False,1,Forwards
1693,0.20618305001983703,0.3500106814783166,0,False,1,Forwards
1694,0.0,0.3500106814783166,0,False,1,Forwards
1695,0.0,0.3500106814783166,0,False,1,Forwards
1696,0.0,0.3500106814783166,0,False,1,Forwards
1697,0.0,0.3500106814783166,0,False,1,Forwards
1698,0.0,0.3500106814783166,0,False,1,Forwards
1699,0.0,0.3500106814783166,0,False,1,Forwards
1700,-0.16498306222724082,0.3500106814783166,0,False,1,Forwards
1701,0.0,0.3500106814783166,0,False,1,Forwards
1702,0.0,0.3500106814783166,0,False,1,Forwards
1703,0.0,0.3500106814783166,0,False,1,Forwards
1704,0.0,0.3500106814783166,0,False,1,Forwards
1705,-0.195898312326426,0.3500106814783166,0,False,1,Forwards
1706,-0.20621356852931302,0.3500106814783166,0,False,1,Forwards
1707,0.0,0.3500106814783166,0,False,1,Forwards
1708,0.0,0.3500106814783166,0,False,1,Forwards
1709,0.0,0.3500106814783166,0,False,1,Forwards
1710,0.0,0.3500106814783166,0,False,1,Forwards
1711,0.0,0.3500106814783166,0,False,1,Forwards
1712,0.0,0.3500106814783166,0,False,1,Forwards
1713,0.0,0.3500106814783166,0,False,1,Forwards
